epoch,kl_model,train_nll,train_loss,val_nll,val_loss,val_accuracy
1,83.35165405273438,2180.6923828125,2343.945556640625,21477.609375,21560.9609375,-0.2015092372894287
2,138.33042907714844,1379.0618896484375,1509.804443359375,15038.24609375,15176.576171875,0.15872424840927124
3,386.504150390625,1289.593994140625,1408.0723876953125,6301.087890625,6687.591796875,0.6475019454956055
4,712.2085571289062,976.9898071289062,1090.03271484375,2495.79833984375,3208.0068359375,0.8603790402412415
5,802.587890625,868.7288208007812,974.78076171875,2690.820068359375,3493.407958984375,0.8494690656661987
6,788.230224609375,639.697998046875,736.320556640625,2661.68359375,3449.913818359375,0.8510990142822266
7,755.6632690429688,541.3272705078125,628.540283203125,2401.25927734375,3156.922607421875,0.8656677603721619
8,763.16162109375,486.1017761230469,566.2691650390625,1671.016845703125,2434.178466796875,0.9065192937850952
9,778.71435546875,449.26019287109375,524.3119506835938,1586.3157958984375,2365.0302734375,0.9112576842308044
10,784.9327392578125,384.17950439453125,455.94451904296875,1278.682373046875,2063.615234375,0.9284673929214478
11,772.312744140625,333.97625732421875,402.3118896484375,1149.196533203125,1921.50927734375,0.935711145401001
12,756.015380859375,311.6763610839844,376.59942626953125,1039.126220703125,1795.1416015625,0.941868782043457
13,732.074951171875,317.51470947265625,379.6986083984375,1017.9495849609375,1750.0245361328125,0.9430534243583679
14,715.9983520507812,273.8678894042969,333.9363098144531,957.1966552734375,1673.195068359375,0.9464521408081055
15,709.05517578125,275.8863220214844,334.17010498046875,1054.9761962890625,1764.0313720703125,0.9409821033477783
16,702.2464599609375,252.9918975830078,309.58380126953125,995.3035888671875,1697.550048828125,0.9443203210830688
17,692.2716064453125,296.2752685546875,351.0706481933594,970.8823852539062,1663.154052734375,0.9456865191459656
18,672.9725341796875,276.66680908203125,329.9690856933594,937.2529907226562,1610.2255859375,0.9475678205490112
19,661.180419921875,232.74795532226562,284.4764709472656,939.8885498046875,1601.0689697265625,0.9474203586578369
20,656.026123046875,232.2813262939453,282.96112060546875,944.1505126953125,1600.1766357421875,0.9471819400787354
21,644.8277587890625,231.67994689941406,281.2153625488281,909.7197265625,1554.5474853515625,0.9491080641746521
22,638.470458984375,211.426513671875,259.5455627441406,925.2777099609375,1563.7481689453125,0.9482377171516418
23,619.6951293945312,202.57595825195312,249.7487030029297,893.01025390625,1512.705322265625,0.9500428438186646
24,599.340576171875,219.69964599609375,265.5707092285156,895.6324462890625,1494.9730224609375,0.9498961567878723
25,599.3054809570312,259.6510314941406,304.73699951171875,908.041015625,1507.346435546875,0.9492020010948181
26,598.977783203125,230.61776733398438,275.1380310058594,901.7767333984375,1500.7545166015625,0.9495524168014526
27,590.8300170898438,213.07305908203125,257.27764892578125,889.598388671875,1480.428466796875,0.9502336978912354
28,589.5999755859375,244.8826446533203,288.354736328125,981.7326049804688,1571.33251953125,0.945079505443573
29,582.3073120117188,200.84432983398438,243.9809112548828,868.423095703125,1450.73046875,0.9514183402061462
30,579.27685546875,211.02252197265625,253.50003051757812,915.729736328125,1495.006591796875,0.9487718939781189
31,577.2058715820312,219.32644653320312,261.11260986328125,855.7837524414062,1432.9896240234375,0.9521253705024719
32,568.6531372070312,203.08071899414062,244.58621215820312,862.587646484375,1431.24072265625,0.951744794845581
33,562.784423828125,202.2792510986328,242.91580200195312,832.215087890625,1394.99951171875,0.9534438848495483
34,557.1257934570312,205.95599365234375,245.9556884765625,840.704833984375,1397.83056640625,0.952968955039978
35,557.580322265625,195.18475341796875,234.8367462158203,821.6461791992188,1379.2265625,0.9540351033210754
36,554.0342407226562,194.03497314453125,233.07723999023438,822.1867065429688,1376.220947265625,0.9540048837661743
37,553.464111328125,209.72845458984375,248.3573760986328,818.326904296875,1371.791015625,0.9542208313941956
38,552.7554321289062,196.3240966796875,234.57106018066406,816.7620849609375,1369.517578125,0.9543083906173706
39,554.8627319335938,207.22750854492188,245.37411499023438,817.978515625,1372.84130859375,0.9542403221130371
40,551.72265625,193.84469604492188,231.5133056640625,831.6268920898438,1383.349609375,0.9534767866134644
41,543.890869140625,183.71267700195312,221.05592346191406,820.1106567382812,1364.00146484375,0.9541210532188416
42,545.1559448242188,190.43276977539062,227.634765625,818.2115478515625,1363.367431640625,0.9542272686958313
43,543.7424926757812,193.9493408203125,230.777099609375,815.8973999023438,1359.639892578125,0.9543567299842834
44,544.1377563476562,209.8968048095703,246.7486572265625,818.8847045898438,1363.0224609375,0.9541895985603333
45,541.1006469726562,185.70790100097656,222.108154296875,820.7113037109375,1361.81201171875,0.9540874361991882
46,538.408447265625,201.88827514648438,237.8519287109375,823.6574096679688,1362.06591796875,0.9539226293563843
47,538.81494140625,196.6680908203125,232.38638305664062,810.22119140625,1349.0361328125,0.954674243927002
48,541.120361328125,169.5446014404297,205.2919158935547,812.328369140625,1353.44873046875,0.954556405544281
49,534.53955078125,197.200439453125,232.7991485595703,818.36083984375,1352.900390625,0.9542189240455627
50,534.1044921875,202.8865966796875,238.2322235107422,816.2976684570312,1350.402099609375,0.9543343186378479
51,534.31640625,191.63404846191406,226.807373046875,832.5875854492188,1366.904052734375,0.953423023223877
52,530.5521240234375,187.69863891601562,222.45108032226562,810.3396606445312,1340.891845703125,0.9546676278114319
53,528.8631591796875,196.18544006347656,230.5337371826172,812.5652465820312,1341.428466796875,0.9545431137084961
54,527.4910888671875,192.28477478027344,226.60220336914062,813.8524780273438,1341.343505859375,0.9544711112976074
55,527.4798583984375,178.65338134765625,212.80892944335938,808.13623046875,1335.6160888671875,0.9547908902168274
56,521.2792358398438,173.29742431640625,207.10415649414062,813.822265625,1335.1015625,0.9544728398323059
57,520.2516479492188,159.00735473632812,192.5303955078125,819.7122802734375,1339.9638671875,0.9541433453559875
58,514.8251342773438,197.8003692626953,230.9882049560547,805.4373168945312,1320.262451171875,0.9549418687820435
59,511.0853271484375,196.67453002929688,229.68569946289062,804.20556640625,1315.2908935546875,0.9550107717514038
60,511.9489440917969,174.39913940429688,207.32513427734375,801.3992919921875,1313.3482666015625,0.9551677703857422
61,508.1485900878906,200.5274658203125,233.24734497070312,804.7525634765625,1312.901123046875,0.954980194568634
62,507.344970703125,198.85693359375,231.35247802734375,808.4595336914062,1315.804443359375,0.9547728300094604
63,504.57830810546875,177.4140167236328,209.60409545898438,804.8824462890625,1309.460693359375,0.9549729228019714
64,496.74725341796875,187.97549438476562,219.931396484375,824.5257568359375,1321.27294921875,0.9538740515708923
65,497.0310974121094,200.36331176757812,232.42369079589844,795.2027587890625,1292.23388671875,0.9555144309997559
66,492.49456787109375,206.11317443847656,237.94265747070312,797.8380126953125,1290.33251953125,0.9553670287132263
67,492.01251220703125,193.43167114257812,225.08665466308594,797.2867431640625,1289.29931640625,0.9553978443145752
68,492.9134521484375,185.67218017578125,217.24525451660156,813.1422119140625,1306.0556640625,0.9545108675956726
69,487.9527587890625,204.8130340576172,236.16116333007812,808.9837646484375,1296.9365234375,0.954743504524231
70,487.073486328125,187.8526611328125,219.31658935546875,823.01806640625,1310.091552734375,0.9539583921432495
71,486.2667236328125,205.89694213867188,237.1831817626953,799.624267578125,1285.8909912109375,0.955267071723938
72,486.87591552734375,185.83212280273438,217.0343017578125,802.2220458984375,1289.097900390625,0.9551217555999756
73,487.08746337890625,176.27679443359375,207.3259735107422,795.1864624023438,1282.27392578125,0.9555153250694275
74,485.7843017578125,203.79937744140625,234.5984649658203,826.053466796875,1311.8377685546875,0.9537885785102844
75,484.31005859375,178.92608642578125,209.50486755371094,821.56884765625,1305.87890625,0.954039454460144
76,483.7240905761719,177.40728759765625,208.10536193847656,806.5444946289062,1290.2685546875,0.9548799395561218
77,478.30322265625,169.3094024658203,199.8253631591797,808.220703125,1286.52392578125,0.9547861814498901
78,476.748291015625,170.18707275390625,200.43499755859375,799.8303833007812,1276.57861328125,0.9552555680274963
79,478.6729736328125,186.15640258789062,216.40179443359375,807.75390625,1286.4268798828125,0.9548122882843018
80,475.03790283203125,195.54344177246094,225.66452026367188,834.3795166015625,1309.41748046875,0.9533227682113647
81,476.71417236328125,175.43325805664062,205.58949279785156,835.9317626953125,1312.64599609375,0.9532359838485718
82,477.25091552734375,184.2145233154297,214.33741760253906,807.6610717773438,1284.9119873046875,0.9548174738883972
83,476.67730712890625,191.39126586914062,221.32492065429688,801.905029296875,1278.582275390625,0.9551395177841187
84,476.2936096191406,182.2508544921875,212.00794982910156,811.7764892578125,1288.070068359375,0.9545872807502747
85,463.0325012207031,192.14666748046875,221.69180297851562,792.4266357421875,1255.4591064453125,0.9556697607040405
86,462.4163818359375,189.4322509765625,218.78994750976562,807.0960693359375,1269.512451171875,0.954849123954773
87,462.26361083984375,190.92605590820312,220.1454315185547,826.1141967773438,1288.3778076171875,0.9537851810455322
88,462.5242614746094,189.39352416992188,218.5426483154297,792.1683349609375,1254.692626953125,0.9556841850280762
89,462.7342529296875,161.4462432861328,190.50579833984375,792.3959350585938,1255.130126953125,0.9556714296340942
90,464.6676330566406,192.2037353515625,221.32177734375,803.7628173828125,1268.430419921875,0.9550355672836304
91,458.828369140625,168.4512481689453,197.36083984375,829.12060546875,1287.948974609375,0.9536169767379761
92,458.9443664550781,174.9132080078125,203.6935577392578,826.8629150390625,1285.8072509765625,0.9537432789802551
93,458.10186767578125,177.3815155029297,206.0208740234375,812.88720703125,1270.989013671875,0.9545251131057739
94,458.9874267578125,183.18643188476562,211.78182983398438,836.2941284179688,1295.281494140625,0.9532157182693481
95,459.8901062011719,200.02224731445312,228.57534790039062,797.8372192382812,1257.727294921875,0.9553670883178711
96,458.04779052734375,197.7097930908203,226.04563903808594,790.717041015625,1248.764892578125,0.9557653665542603
97,454.07366943359375,173.6895294189453,201.87525939941406,794.5280151367188,1248.6016845703125,0.9555521607398987
98,454.54315185546875,181.11727905273438,209.2483673095703,800.148193359375,1254.69140625,0.9552378058433533
99,452.9920959472656,169.16781616210938,197.06378173828125,794.2511596679688,1247.2432861328125,0.9555676579475403
100,454.5499267578125,172.9580841064453,200.86093139648438,795.09228515625,1249.6422119140625,0.9555206298828125
101,455.56329345703125,187.1912841796875,215.10101318359375,802.2423095703125,1257.8056640625,0.9551206231117249
102,452.718017578125,194.13400268554688,221.7635040283203,792.1754150390625,1244.8934326171875,0.9556838274002075
103,449.41448974609375,185.79483032226562,213.37448120117188,795.849853515625,1245.264404296875,0.9554782509803772
104,451.00341796875,192.7886505126953,220.37387084960938,808.1451416015625,1259.1485595703125,0.9547904133796692
105,453.97772216796875,209.389404296875,237.1339111328125,809.790283203125,1263.76806640625,0.954698383808136
106,450.9936218261719,193.35968017578125,220.87200927734375,795.87939453125,1246.873046875,0.9554765820503235
107,448.64642333984375,178.0352020263672,205.2624053955078,793.7655639648438,1242.4119873046875,0.9555948376655579
108,449.836669921875,199.16110229492188,226.3805694580078,801.9139404296875,1251.7506103515625,0.9551389813423157
109,450.0469055175781,176.5330810546875,203.67356872558594,808.8907470703125,1258.9376220703125,0.9547486901283264
110,448.500244140625,189.78346252441406,216.96604919433594,796.5028076171875,1245.0030517578125,0.9554417133331299
111,445.6295166015625,191.570068359375,218.71176147460938,855.2762451171875,1300.90576171875,0.9521538019180298
112,443.06427001953125,176.6556396484375,203.5653533935547,809.5032348632812,1252.5675048828125,0.9547144174575806
113,436.5841064453125,186.20626831054688,213.05117797851562,813.2816162109375,1249.86572265625,0.954503059387207
114,437.40460205078125,179.66697692871094,206.4495849609375,812.60791015625,1250.012451171875,0.9545407295227051
115,434.9495544433594,188.01611328125,214.55377197265625,819.7568359375,1254.7064208984375,0.954140841960907
116,431.2081298828125,182.2172088623047,208.66746520996094,796.7891845703125,1227.997314453125,0.9554256796836853
117,435.06982421875,179.5638885498047,206.19927978515625,792.2826538085938,1227.3525390625,0.9556778073310852
118,436.0429992675781,219.17691040039062,245.81849670410156,798.1314697265625,1234.1744384765625,0.9553505778312683
119,434.08380126953125,154.19186401367188,180.64381408691406,798.7869262695312,1232.8707275390625,0.9553139209747314
120,429.3234558105469,168.0013885498047,194.3174285888672,810.8685302734375,1240.1920166015625,0.9546380639076233
121,430.3201904296875,192.8272705078125,219.16705322265625,796.150146484375,1226.4703369140625,0.9554614424705505
122,425.55950927734375,179.8693389892578,206.0826873779297,795.0040283203125,1220.5634765625,0.9555255770683289
123,423.0372619628906,176.75140380859375,202.9144744873047,807.3570556640625,1230.394287109375,0.954834520816803
124,421.7938232421875,204.33299255371094,230.3560791015625,789.7179565429688,1211.51171875,0.9558212757110596
125,420.80438232421875,196.48915100097656,222.37240600585938,791.4204711914062,1212.224853515625,0.9557260274887085
126,422.33551025390625,178.4068603515625,204.31495666503906,796.4356689453125,1218.771240234375,0.9554454684257507
127,421.8546447753906,188.24830627441406,214.0450897216797,827.1920166015625,1249.046630859375,0.9537248611450195
128,421.596435546875,188.8565216064453,214.5715789794922,800.6232299804688,1222.2197265625,0.9552112221717834
129,421.07965087890625,206.96890258789062,232.55218505859375,802.61865234375,1223.6982421875,0.9550995826721191
130,420.7652282714844,193.84902954101562,219.36729431152344,822.50634765625,1243.2716064453125,0.9539870023727417
131,420.78094482421875,181.34658813476562,206.84994506835938,830.297119140625,1251.078125,0.953551173210144
132,423.0689392089844,175.49148559570312,201.09771728515625,786.829833984375,1209.8988037109375,0.9559828639030457
133,423.5699462890625,191.92776489257812,217.51358032226562,805.7186279296875,1229.28857421875,0.9549261331558228
134,421.58026123046875,192.4613037109375,217.8253173828125,797.554931640625,1219.13525390625,0.9553828239440918
135,423.2763977050781,188.96466064453125,214.41090393066406,789.2620239257812,1212.5384521484375,0.9558467864990234
136,415.67034912109375,178.39572143554688,203.8434295654297,852.2950439453125,1267.96533203125,0.9523205757141113
137,412.3337097167969,210.6977081298828,236.1729736328125,798.7782592773438,1211.1119384765625,0.9553143978118896
138,413.8592834472656,184.90460205078125,210.43809509277344,803.3695068359375,1217.228759765625,0.9550575613975525
139,411.2777099609375,186.22561645507812,211.5122833251953,792.3748779296875,1203.652587890625,0.9556726217269897
140,410.9393310546875,197.16778564453125,222.321044921875,798.06298828125,1209.0023193359375,0.9553544521331787
141,411.2852783203125,181.22186279296875,206.36459350585938,795.7870483398438,1207.072265625,0.955481767654419
142,410.98101806640625,190.11856079101562,215.15191650390625,792.498046875,1203.47900390625,0.9556657671928406
143,410.5987548828125,183.64004516601562,208.60719299316406,796.09814453125,1206.6968994140625,0.9554643630981445
144,413.31842041015625,184.43992614746094,209.572509765625,795.867431640625,1209.185791015625,0.955477237701416
145,404.33831787109375,208.77029418945312,233.79725646972656,793.936767578125,1198.275146484375,0.955585241317749
146,398.5472412109375,185.76971435546875,210.5982208251953,790.2681884765625,1188.8154296875,0.9557905197143555
147,398.44873046875,184.13287353515625,208.89675903320312,814.7615356445312,1213.210205078125,0.954420268535614
148,397.1019592285156,179.7161407470703,204.33934020996094,786.305908203125,1183.4078369140625,0.9560121297836304
149,394.4907531738281,196.9893798828125,221.33863830566406,794.1513671875,1188.64208984375,0.9555732607841492
150,397.3048095703125,178.05068969726562,202.5452117919922,789.9656982421875,1187.2705078125,0.9558073878288269
151,398.9150085449219,180.8522186279297,205.4344940185547,798.1522827148438,1197.0672607421875,0.9553494453430176
152,398.6397399902344,184.70706176757812,209.2218475341797,792.2046508789062,1190.8443603515625,0.9556821584701538
153,396.8583984375,174.538818359375,198.89935302734375,797.9221801757812,1194.780517578125,0.9553623199462891
154,398.32696533203125,190.5911865234375,215.01303100585938,799.8011474609375,1198.128173828125,0.9552571773529053
155,400.2196350097656,188.73330688476562,213.29595947265625,863.0274047851562,1263.2470703125,0.9517201781272888
156,399.0831298828125,185.72869873046875,210.18405151367188,823.080322265625,1222.1634521484375,0.9539548754692078
157,400.0558776855469,201.8297576904297,226.32313537597656,792.3924560546875,1192.4483642578125,0.9556716680526733
158,398.4717712402344,180.82101440429688,205.15499877929688,785.357666015625,1183.8294677734375,0.9560651779174805
159,398.1181640625,180.20169067382812,204.4311065673828,797.670166015625,1195.788330078125,0.955376386642456
160,396.4207763671875,186.549560546875,210.611572265625,821.74462890625,1218.1654052734375,0.9540296196937561
161,385.95721435546875,180.71588134765625,204.5530548095703,787.660888671875,1173.6181640625,0.9559363722801208
162,387.0773620605469,174.391845703125,198.24583435058594,800.2593994140625,1187.3367919921875,0.9552315473556519
163,389.64739990234375,179.27586364746094,203.2680206298828,804.05615234375,1193.70361328125,0.9550191760063171
164,391.46417236328125,170.76373291015625,194.86862182617188,790.2222290039062,1181.6864013671875,0.9557930827140808
165,388.02215576171875,192.5517120361328,216.64080810546875,794.5526123046875,1182.57470703125,0.9555507898330688
166,386.1724853515625,175.29583740234375,199.20436096191406,792.583251953125,1178.7557373046875,0.9556609988212585
167,386.8501892089844,190.60386657714844,214.5047149658203,795.9556884765625,1182.805908203125,0.9554723501205444
168,387.5934753417969,187.8740234375,211.78941345214844,797.447265625,1185.040771484375,0.9553889036178589
169,388.8255920410156,201.59959411621094,225.58636474609375,838.4786376953125,1227.30419921875,0.9530934691429138
170,385.2708740234375,178.1478729248047,201.84617614746094,791.82763671875,1177.0985107421875,0.9557032585144043
171,384.8514404296875,188.51136779785156,212.1339569091797,794.2876586914062,1179.13916015625,0.9555656313896179
172,384.3769226074219,179.8913116455078,203.4180908203125,787.792236328125,1172.169189453125,0.9559289813041687
173,384.305908203125,177.64405822753906,201.10775756835938,792.64794921875,1176.953857421875,0.9556573629379272
174,385.97845458984375,187.0861053466797,210.61273193359375,787.8507080078125,1173.8291015625,0.955925703048706
175,388.14361572265625,178.37179565429688,202.04920959472656,794.48486328125,1182.62841796875,0.9555546045303345
176,390.307373046875,188.62696838378906,212.45751953125,798.240966796875,1188.54833984375,0.9553444981575012
177,387.6681213378906,186.03713989257812,209.68276977539062,798.219970703125,1185.8880615234375,0.955345630645752
178,384.4994812011719,174.4177703857422,197.7836151123047,800.5440673828125,1185.0435791015625,0.9552156329154968
179,384.77276611328125,164.228271484375,187.5829315185547,825.1524658203125,1209.92529296875,0.9538390040397644
180,385.9383544921875,182.76455688476562,206.17178344726562,814.2371215820312,1200.175537109375,0.9544495940208435
181,387.2325439453125,181.6009521484375,205.0615234375,790.2070922851562,1177.439697265625,0.9557939171791077
182,385.9842529296875,182.9219207763672,206.2765350341797,802.79736328125,1188.7816162109375,0.9550895690917969
183,384.2093505859375,176.69265747070312,199.88963317871094,810.5733642578125,1194.78271484375,0.9546545743942261
184,377.76361083984375,210.03521728515625,233.25421142578125,793.4969482421875,1171.260498046875,0.9556098580360413
185,376.95147705078125,189.802490234375,212.91506958007812,818.0438232421875,1194.995361328125,0.954236626625061
186,378.44000244140625,204.94285583496094,228.13218688964844,799.2398071289062,1177.6798095703125,0.9552885890007019
187,378.4097900390625,179.54998779296875,202.70875549316406,799.8043212890625,1178.214111328125,0.955256998538971
188,377.5249938964844,174.62069702148438,197.6800537109375,795.6911010742188,1173.216064453125,0.9554871320724487
189,376.9108581542969,202.55661010742188,225.55577087402344,787.3487548828125,1164.2596435546875,0.95595383644104
190,376.9765625,190.33203125,213.30062866210938,787.3712768554688,1164.347900390625,0.955952525138855
191,378.1368408203125,193.16046142578125,216.20794677734375,830.7650756835938,1208.90185546875,0.9535250067710876
192,378.88507080078125,189.17898559570312,212.23597717285156,785.0069580078125,1163.89208984375,0.9560848474502563
193,380.25518798828125,193.40609741210938,216.53500366210938,805.5031127929688,1185.75830078125,0.9549382328987122
194,381.5655212402344,168.77627563476562,192.0004119873047,809.43212890625,1190.9976806640625,0.9547184109687805
195,379.37811279296875,187.9814910888672,211.01145935058594,807.4841918945312,1186.8623046875,0.9548273682594299
196,379.6578674316406,186.4927520751953,209.52598571777344,784.830078125,1164.4879150390625,0.9560947418212891
197,379.44696044921875,196.8739471435547,219.8502960205078,807.73779296875,1187.184814453125,0.9548131823539734
198,379.63592529296875,175.24365234375,198.21580505371094,815.6397705078125,1195.275634765625,0.9543711543083191
199,374.1522521972656,192.2869415283203,215.14669799804688,790.9517211914062,1165.10400390625,0.9557522535324097
200,375.30487060546875,179.23316955566406,202.1566925048828,793.778076171875,1169.0830078125,0.9555941224098206
201,374.25030517578125,193.8662109375,216.70843505859375,795.2420654296875,1169.492431640625,0.9555122256278992
202,374.81915283203125,171.09686279296875,193.92083740234375,787.603515625,1162.422607421875,0.955939531326294
203,375.3981018066406,192.98365783691406,215.83773803710938,812.578857421875,1187.9769287109375,0.9545423984527588
204,373.9480285644531,196.79122924804688,219.53077697753906,805.5787353515625,1179.5267333984375,0.9549340009689331
205,373.7801208496094,179.84613037109375,202.55264282226562,840.5471801757812,1214.3272705078125,0.9529777765274048
206,373.374755859375,172.16253662109375,194.79946899414062,825.61328125,1198.988037109375,0.9538131952285767
207,372.4658203125,175.11485290527344,197.6608428955078,802.1812744140625,1174.6470947265625,0.955124020576477
208,373.931884765625,171.9463348388672,194.5649871826172,806.56884765625,1180.500732421875,0.954878568649292
209,375.93218994140625,183.13656616210938,205.89987182617188,801.751220703125,1177.683349609375,0.9551481008529663
210,374.205322265625,179.00169372558594,201.6240234375,793.927978515625,1168.13330078125,0.955585777759552
211,374.1630859375,183.60716247558594,206.19801330566406,786.4012451171875,1160.5643310546875,0.9560068249702454
212,375.080322265625,178.56484985351562,201.1629638671875,794.276123046875,1169.3564453125,0.9555662870407104
213,377.48968505859375,173.51019287109375,196.28968811035156,785.4360961914062,1162.92578125,0.9560608267784119
214,376.55804443359375,189.59512329101562,212.30117797851562,833.6722412109375,1210.230224609375,0.9533623456954956
215,373.683349609375,182.64154052734375,205.1211700439453,792.4114990234375,1166.0948486328125,0.9556705951690674
216,373.86468505859375,174.8485107421875,197.29867553710938,791.6580200195312,1165.522705078125,0.9557127356529236
217,376.2395324707031,204.76461791992188,227.36956787109375,806.7655029296875,1183.0050048828125,0.9548676013946533
218,375.4122314453125,197.21759033203125,219.76809692382812,811.6375732421875,1187.0498046875,0.9545950293540955
219,375.6134033203125,172.71246337890625,195.23658752441406,804.1755981445312,1179.7890625,0.9550125002861023
220,374.5748596191406,182.38592529296875,204.8546905517578,839.8085327148438,1214.3834228515625,0.9530190825462341
221,374.9853515625,185.97079467773438,208.45834350585938,800.4849243164062,1175.47021484375,0.9552189707756042
222,374.7333679199219,155.4156494140625,177.87356567382812,798.154541015625,1172.887939453125,0.955349326133728
223,372.97747802734375,179.08009338378906,201.4080047607422,785.7374877929688,1158.7149658203125,0.9560439586639404
224,374.03460693359375,176.36410522460938,198.71759033203125,791.7833251953125,1165.81787109375,0.9557057619094849
225,375.5423583984375,200.52125549316406,222.95689392089844,790.211669921875,1165.7540283203125,0.9557936787605286
226,375.26202392578125,169.53738403320312,191.9373321533203,787.4366455078125,1162.69873046875,0.9559488892555237
227,374.5450439453125,176.64468383789062,198.9790496826172,798.047119140625,1172.5921630859375,0.9553553462028503
228,373.2650146484375,180.41249084472656,202.66696166992188,794.8994750976562,1168.16455078125,0.9555314183235168
229,372.8386535644531,189.01995849609375,211.22561645507812,796.616943359375,1169.45556640625,0.9554353356361389
230,373.17730712890625,200.53692626953125,222.74281311035156,783.5453491210938,1156.72265625,0.9561665654182434
231,375.0726623535156,184.24429321289062,206.57733154296875,792.4638671875,1167.5364990234375,0.9556676745414734
232,376.3522033691406,177.19723510742188,199.60903930664062,790.806884765625,1167.1590576171875,0.9557603597640991
233,375.6768493652344,180.20233154296875,202.55572509765625,799.31103515625,1174.9879150390625,0.955284595489502
234,374.8999328613281,183.09625244140625,205.3611602783203,788.8565063476562,1163.7564697265625,0.9558694362640381
235,375.4294128417969,187.04937744140625,209.33511352539062,793.6541748046875,1169.0836181640625,0.9556010961532593
236,375.4288635253906,175.2644500732422,197.53326416015625,787.61474609375,1163.0435791015625,0.9559389352798462
237,375.36492919921875,203.35012817382812,225.59962463378906,815.1017456054688,1190.4666748046875,0.9544012546539307
238,375.078125,178.24276733398438,200.45985412597656,790.015869140625,1165.093994140625,0.9558045864105225
239,373.7875061035156,189.2407989501953,211.34619140625,787.6700439453125,1161.45751953125,0.9559358358383179
240,372.79327392578125,168.8017578125,190.7986602783203,808.22265625,1181.015869140625,0.9547860622406006
241,373.2923889160156,183.34457397460938,205.35670471191406,804.3139038085938,1177.6063232421875,0.9550047516822815
242,374.84674072265625,168.82730102539062,190.90927124023438,784.9046630859375,1159.75146484375,0.9560905694961548
243,376.6909484863281,186.4610137939453,208.677490234375,789.0286865234375,1165.7196044921875,0.9558598399162292
244,375.2440185546875,201.0859375,223.16082763671875,796.9027099609375,1172.146728515625,0.9554193615913391
245,374.2055358886719,193.18600463867188,215.16221618652344,794.251708984375,1168.457275390625,0.9555676579475403
246,373.5336608886719,178.94964599609375,200.87542724609375,785.42333984375,1158.95703125,0.9560615420341492
247,368.8373107910156,186.59722900390625,208.51058959960938,821.7132568359375,1190.550537109375,0.9540313482284546
248,369.8114929199219,173.00448608398438,194.97154235839844,798.0232543945312,1167.834716796875,0.9553566575050354
249,371.3606872558594,182.09759521484375,204.13821411132812,811.18310546875,1182.5438232421875,0.9546204805374146
250,372.1458740234375,169.1000518798828,191.14906311035156,815.1915283203125,1187.33740234375,0.9543962478637695
251,370.88214111328125,187.2108612060547,209.16400146484375,787.8873291015625,1158.76953125,0.9559236764907837
252,369.85992431640625,192.00933837890625,213.88589477539062,809.05517578125,1178.9150390625,0.954739511013031
253,372.2000427246094,180.51284790039062,202.5191650390625,821.4808959960938,1193.680908203125,0.9540444016456604
254,372.19354248046875,187.4613800048828,209.45574951171875,789.5389404296875,1161.732421875,0.9558312892913818
255,371.5830078125,173.76588439941406,195.69200134277344,788.6644287109375,1160.2474365234375,0.9558802247047424
256,370.52117919921875,195.59786987304688,217.41583251953125,782.4464111328125,1152.967529296875,0.9562280774116516
257,369.84893798828125,191.87789916992188,213.59188842773438,797.893310546875,1167.7421875,0.955363929271698
258,368.9174499511719,188.97706604003906,210.60621643066406,786.8345947265625,1155.7520751953125,0.9559825658798218
259,369.3605651855469,175.98081970214844,197.67039489746094,789.7127685546875,1159.0733642578125,0.9558215737342834
260,370.5931396484375,193.98672485351562,215.77969360351562,782.4320678710938,1153.025146484375,0.9562288522720337
261,371.5287780761719,204.39427185058594,226.23519897460938,787.0515747070312,1158.580322265625,0.9559704065322876
262,370.12677001953125,172.87171936035156,194.5677490234375,784.1805419921875,1154.307373046875,0.9561310410499573
263,368.6448669433594,188.56871032714844,210.074951171875,791.9334716796875,1160.578369140625,0.9556973576545715
264,367.5960998535156,180.05633544921875,201.44137573242188,799.8106689453125,1167.40673828125,0.9552566409111023
265,363.66290283203125,197.2442626953125,218.67626953125,789.5518798828125,1153.21484375,0.9558305740356445
266,365.8152770996094,178.35491943359375,199.90577697753906,790.9505004882812,1156.7657470703125,0.9557523131370544
267,365.0067138671875,187.97802734375,209.44937133789062,798.3353881835938,1163.342041015625,0.9553391933441162
268,362.7357177734375,192.83311462402344,214.09158325195312,804.9441528320312,1167.679931640625,0.9549694657325745
269,362.7796630859375,184.55966186523438,205.7815399169922,801.524658203125,1164.3043212890625,0.9551607966423035
270,364.8302307128906,191.70599365234375,213.06507873535156,807.5115966796875,1172.341796875,0.9548258781433105
271,365.63409423828125,193.75257873535156,215.17626953125,783.9150390625,1149.549072265625,0.9561458826065063
272,364.8976135253906,183.16363525390625,204.51971435546875,792.530029296875,1157.4276123046875,0.9556639790534973
273,363.3934631347656,201.01544189453125,222.2609405517578,799.379638671875,1162.7730712890625,0.9552807807922363
274,361.5343017578125,186.4254150390625,207.50875854492188,793.4361572265625,1154.970458984375,0.9556132555007935
275,361.778076171875,195.38575744628906,216.44679260253906,810.0220947265625,1171.8001708984375,0.954685389995575
276,363.9870910644531,193.79263305664062,214.99942016601562,793.2763671875,1157.263427734375,0.9556221961975098
277,364.3381042480469,192.55029296875,213.77452087402344,782.2835083007812,1146.62158203125,0.9562371969223022
278,364.3706970214844,176.17193603515625,197.3868865966797,791.3189086914062,1155.6895751953125,0.9557316899299622
279,366.7931213378906,169.7642364501953,191.1552276611328,805.151123046875,1171.9442138671875,0.954957902431488
280,364.2803955078125,183.28427124023438,204.49717712402344,806.900146484375,1171.1805419921875,0.9548600912094116
281,363.6793212890625,185.59234619140625,206.7207489013672,795.4954833984375,1159.1748046875,0.9554980397224426
282,364.9168395996094,174.9442138671875,196.14678955078125,785.2548217773438,1150.171630859375,0.9560709595680237
283,365.35101318359375,177.37115478515625,198.58534240722656,806.279541015625,1171.630615234375,0.9548947811126709
284,365.90655517578125,185.93185424804688,207.1925506591797,794.366943359375,1160.2734375,0.9555612206459045
285,363.6121826171875,192.1911163330078,213.3103485107422,795.304443359375,1158.9166259765625,0.9555087685585022
286,361.84490966796875,201.0040740966797,221.96353149414062,793.4236450195312,1155.2685546875,0.9556139707565308
287,363.2767333984375,180.88304138183594,201.9175567626953,792.8003540039062,1156.0771484375,0.9556488394737244
288,364.5556335449219,184.33670043945312,205.44105529785156,796.9153442382812,1161.470947265625,0.9554186463356018
289,363.32550048828125,183.10821533203125,204.13392639160156,782.6265869140625,1145.9521484375,0.9562180042266846
290,363.8323974609375,198.42837524414062,219.45458984375,797.2384033203125,1161.07080078125,0.9554005861282349
291,362.595947265625,187.16098022460938,208.10171508789062,802.48876953125,1165.084716796875,0.9551068544387817
292,361.85089111328125,165.3238525390625,186.1708984375,790.6135864257812,1152.4644775390625,0.9557711482048035
293,364.1599426269531,189.95777893066406,210.93804931640625,812.6309814453125,1176.7908935546875,0.9545394778251648
294,364.60003662109375,161.30990600585938,182.31671142578125,784.558349609375,1149.158447265625,0.9561099410057068
295,362.7510070800781,195.6405792236328,216.50238037109375,795.501708984375,1158.252685546875,0.9554977416992188
296,363.2480163574219,182.7252197265625,203.64126586914062,786.7122802734375,1149.9603271484375,0.955989420413971
297,361.8000183105469,202.5008544921875,223.32965087890625,802.2427978515625,1164.0428466796875,0.9551206231117249
298,360.5208435058594,173.72569274902344,194.43753051757812,793.2831420898438,1153.803955078125,0.9556218385696411
299,360.7816162109375,183.62252807617188,204.33094787597656,794.469482421875,1155.2510986328125,0.9555554389953613
300,362.4666442871094,169.29165649414062,190.10830688476562,786.0740966796875,1148.540771484375,0.9560251235961914
301,364.0025634765625,190.53875732421875,211.45506286621094,791.95263671875,1155.9552001953125,0.9556962847709656
302,363.7814025878906,182.703125,203.59173583984375,787.6140747070312,1151.3955078125,0.955938994884491
303,358.342041015625,184.97625732421875,205.80224609375,786.4776611328125,1144.8197021484375,0.9560025334358215
304,358.7769775390625,189.98541259765625,210.80874633789062,786.8110961914062,1145.588134765625,0.9559838771820068
305,360.173583984375,182.26885986328125,203.14431762695312,790.2545776367188,1150.42822265625,0.9557912349700928
306,350.71197509765625,173.533203125,194.33265686035156,790.1116943359375,1140.82373046875,0.9557992219924927
307,348.7817077636719,195.2203369140625,215.84716796875,814.321533203125,1163.103271484375,0.9544448852539062
308,349.97698974609375,211.89537048339844,232.5958709716797,796.8981323242188,1146.8751220703125,0.9554196000099182
309,349.0164794921875,189.2222900390625,209.86053466796875,785.8792724609375,1134.895751953125,0.9560360312461853
310,350.6346435546875,184.79733276367188,205.51541137695312,811.6080322265625,1162.24267578125,0.9545966982841492
311,350.77435302734375,178.43653869628906,199.15419006347656,808.45263671875,1159.22705078125,0.9547731876373291
312,350.35711669921875,188.8092041015625,209.4774932861328,790.8724365234375,1141.2294921875,0.955756664276123
313,349.97271728515625,180.72747802734375,201.3450927734375,783.3065185546875,1133.279296875,0.9561799168586731
314,350.9853820800781,181.2523651123047,201.9451904296875,789.8939208984375,1140.8792724609375,0.9558114409446716
315,350.8294677734375,177.5233154296875,198.2028350830078,792.0595703125,1142.8890380859375,0.9556902647018433
316,350.2115478515625,180.3900604248047,200.99171447753906,784.1309204101562,1134.342529296875,0.9561338424682617
317,351.74127197265625,184.81314086914062,205.51499938964844,788.626953125,1140.3681640625,0.9558823108673096
318,351.73858642578125,171.93231201171875,192.6397705078125,796.9052734375,1148.643798828125,0.9554191827774048
319,350.7255554199219,192.02642822265625,212.65638732910156,816.274169921875,1166.999755859375,0.954335629940033
320,349.9798278808594,176.31005859375,196.89285278320312,786.16845703125,1136.1483154296875,0.9560198187828064
321,349.4527282714844,177.66102600097656,198.17367553710938,803.1591796875,1152.6119384765625,0.955069363117218
322,349.5628662109375,191.40130615234375,211.92568969726562,815.8089599609375,1165.371826171875,0.9543616771697998
323,349.23968505859375,179.2391357421875,199.74244689941406,794.9754028320312,1144.215087890625,0.9555271863937378
324,350.9002685546875,191.24331665039062,211.857177734375,795.5546875,1146.4549560546875,0.95549476146698
325,349.9149169921875,173.57794189453125,194.11288452148438,793.3424682617188,1143.25732421875,0.9556185007095337
326,348.5553894042969,196.873046875,217.2805633544922,791.2568359375,1139.812255859375,0.9557352066040039
327,348.4710693359375,173.37945556640625,193.76242065429688,787.1375732421875,1135.608642578125,0.9559656381607056
328,348.627197265625,188.84912109375,209.2208251953125,790.9279174804688,1139.55517578125,0.9557535648345947
329,350.9312438964844,191.03439331054688,211.55801391601562,790.7733154296875,1141.70458984375,0.9557622075080872
330,352.388916015625,177.75497436523438,198.3810272216797,787.9287719726562,1140.317626953125,0.9559213519096375
331,350.1163024902344,184.22604370117188,204.70973205566406,792.4974365234375,1142.61376953125,0.9556657671928406
332,348.5851745605469,185.60543823242188,205.98580932617188,790.3883056640625,1138.9735107421875,0.9557837843894958
333,348.01715087890625,178.15829467773438,198.47195434570312,800.5929565429688,1148.610107421875,0.9552128911018372
334,350.2385559082031,176.4940185546875,196.95668029785156,805.3704833984375,1155.6090087890625,0.9549456238746643
335,349.8056640625,191.65281677246094,212.10092163085938,789.0621337890625,1138.8677978515625,0.9558579921722412
336,349.9219665527344,182.58303833007812,203.04090881347656,813.401123046875,1163.3231201171875,0.9544963836669922
337,349.50543212890625,179.4098358154297,199.83619689941406,797.4688720703125,1146.974365234375,0.9553876519203186
338,349.3062438964844,185.84193420410156,206.23829650878906,807.9315185546875,1157.23779296875,0.954802393913269
339,347.829345703125,176.28717041015625,196.56503295898438,793.7711181640625,1141.6004638671875,0.955594539642334
340,349.0948791503906,201.728271484375,222.0721893310547,847.2030639648438,1196.2979736328125,0.9526054263114929
341,349.63787841796875,177.94985961914062,198.324462890625,804.4320068359375,1154.06982421875,0.9549981355667114
342,349.13238525390625,197.24801635742188,217.580322265625,816.1915893554688,1165.323974609375,0.9543402791023254
343,349.3594970703125,161.85389709472656,182.19578552246094,789.2745361328125,1138.634033203125,0.9558460712432861
344,349.0820007324219,185.83297729492188,206.1729736328125,790.1535034179688,1139.2354736328125,0.9557968974113464
345,349.21685791015625,189.9249725341797,210.29864501953125,793.7786865234375,1142.99560546875,0.9555941224098206
346,348.3094482421875,179.9719696044922,200.25758361816406,791.9541015625,1140.2635498046875,0.955696165561676
347,348.364013671875,180.75965881347656,201.02645874023438,781.8638305664062,1130.227783203125,0.9562606811523438
348,348.2967529296875,187.2064971923828,207.4549560546875,798.5535888671875,1146.850341796875,0.9553269743919373
349,349.5703125,183.07687377929688,203.4169921875,823.4691162109375,1173.0394287109375,0.9539331793785095
350,350.908935546875,172.01327514648438,192.44451904296875,789.3404541015625,1140.2493896484375,0.9558423757553101
351,350.64166259765625,185.7911376953125,206.24032592773438,786.14794921875,1136.78955078125,0.9560210108757019
352,349.8538513183594,186.2662811279297,206.64077758789062,786.1083984375,1135.9622802734375,0.9560232162475586
353,349.2978210449219,188.91021728515625,209.24607849121094,820.8474731445312,1170.145263671875,0.954079806804657
354,347.37860107421875,200.179443359375,220.3592071533203,785.751708984375,1133.13037109375,0.9560431241989136
355,348.3059387207031,189.01947021484375,209.26455688476562,802.6722412109375,1150.9781494140625,0.9550966024398804
356,349.4117431640625,185.83773803710938,206.14764404296875,787.1016845703125,1136.513427734375,0.9559676647186279
357,350.93609619140625,188.1720733642578,208.57786560058594,789.3382568359375,1140.2744140625,0.9558424949645996
358,351.088623046875,173.46434020996094,193.88340759277344,787.507080078125,1138.595703125,0.9559449553489685
359,349.5076904296875,189.03858947753906,209.33917236328125,791.2340698242188,1140.74169921875,0.9557364583015442
360,350.2752685546875,189.51651000976562,209.86590576171875,786.4236450195312,1136.698974609375,0.9560055732727051
361,350.36224365234375,169.17019653320312,189.52996826171875,789.7664794921875,1140.128662109375,0.9558185338973999
362,350.17315673828125,182.32644653320312,202.6690673828125,804.9218139648438,1155.094970703125,0.9549707174301147
363,349.8147277832031,171.70843505859375,192.04116821289062,791.0115966796875,1140.8262939453125,0.9557489156723022
364,349.63006591796875,168.2830047607422,188.59898376464844,800.9757080078125,1150.605712890625,0.9551914930343628
365,350.0743713378906,178.24224853515625,198.58047485351562,788.5032348632812,1138.57763671875,0.9558892250061035
366,347.9468078613281,204.85928344726562,225.04998779296875,793.85595703125,1141.802734375,0.955589771270752
367,348.68878173828125,193.55068969726562,213.77560424804688,804.5427856445312,1153.2315673828125,0.9549919366836548
368,349.17608642578125,179.89505004882812,200.16680908203125,797.370849609375,1146.546875,0.9553931355476379
369,347.74932861328125,186.0511474609375,206.19789123535156,785.2261962890625,1132.9755859375,0.9560725688934326
370,349.8157958984375,185.52935791015625,205.82684326171875,789.9027099609375,1139.718505859375,0.9558109641075134
371,350.4503173828125,191.3523712158203,211.71958923339844,805.0564575195312,1155.5068359375,0.954963207244873
372,351.0594787597656,193.6080322265625,214.02267456054688,786.90283203125,1137.9622802734375,0.9559787511825562
373,351.279541015625,178.8241729736328,199.23838806152344,795.17529296875,1146.454833984375,0.95551598072052
374,349.1707458496094,183.38150024414062,203.66119384765625,786.7854614257812,1135.9561767578125,0.9559853076934814
375,349.15545654296875,171.5401611328125,191.82337951660156,802.6884155273438,1151.8438720703125,0.955095648765564
376,351.69146728515625,177.47781372070312,197.91722106933594,802.4472045898438,1154.138671875,0.955109179019928
377,351.3092041015625,195.89891052246094,216.3122100830078,804.66748046875,1155.9766845703125,0.9549849629402161
378,350.74249267578125,205.27967834472656,225.61892700195312,789.106689453125,1139.84912109375,0.9558554887771606
379,350.6285705566406,177.60369873046875,197.96754455566406,790.44482421875,1141.0733642578125,0.9557806253433228
380,349.62884521484375,182.134033203125,202.4419708251953,788.8009033203125,1138.4296875,0.9558725953102112
381,351.0203552246094,161.22377014160156,181.59840393066406,795.58447265625,1146.6048583984375,0.9554930925369263
382,350.2899169921875,179.49508666992188,199.816650390625,792.668212890625,1142.9581298828125,0.9556562304496765
383,348.60174560546875,186.2996368408203,206.52084350585938,804.6090698242188,1153.2108154296875,0.9549882411956787
384,348.026611328125,186.15914916992188,206.33609008789062,794.24267578125,1142.269287109375,0.9555681347846985
385,345.5977478027344,189.53883361816406,209.5190887451172,792.5565185546875,1138.154296875,0.9556624889373779
386,347.64508056640625,169.57614135742188,189.68099975585938,788.4449462890625,1136.090087890625,0.9558925032615662
387,348.72283935546875,187.1299285888672,207.35888671875,785.6930541992188,1134.4158935546875,0.956046462059021
388,348.1705017089844,191.42758178710938,211.6299591064453,783.67431640625,1131.8448486328125,0.9561593532562256
389,348.10882568359375,186.74951171875,206.9243621826172,783.648193359375,1131.757080078125,0.956160843372345
390,348.16448974609375,180.5867156982422,200.7478485107422,790.6923217773438,1138.8568115234375,0.9557667374610901
391,347.77874755859375,182.81167602539062,202.93824768066406,800.72412109375,1148.5029296875,0.9552055597305298
392,348.38092041015625,169.78302001953125,189.94984436035156,784.8150634765625,1133.196044921875,0.9560955762863159
393,349.41973876953125,193.8349609375,214.06808471679688,794.4035034179688,1143.8232421875,0.9555591344833374
394,348.444580078125,185.7354736328125,205.8919677734375,781.9627685546875,1130.4073486328125,0.9562551379203796
395,349.93780517578125,174.21701049804688,194.4749755859375,788.6915283203125,1138.62939453125,0.9558786749839783
396,349.451416015625,170.007080078125,190.25660705566406,788.2772827148438,1137.728759765625,0.9559018611907959
397,347.9253845214844,188.7065887451172,208.847900390625,792.662841796875,1140.5882568359375,0.9556565284729004
398,347.7510986328125,182.74224853515625,202.86654663085938,787.4190673828125,1135.170166015625,0.9559499025344849
399,348.3683776855469,178.07818603515625,198.23348999023438,784.0787353515625,1132.4471435546875,0.9561367630958557
400,349.6038818359375,180.96920776367188,201.19967651367188,794.6939697265625,1144.2978515625,0.9555429220199585
401,351.30133056640625,204.72216796875,225.05946350097656,828.4898681640625,1179.791259765625,0.9536522626876831
402,350.0023193359375,190.84368896484375,211.1116485595703,790.208740234375,1140.2110595703125,0.9557937979698181
403,347.8056640625,180.29928588867188,200.40150451660156,797.5758056640625,1145.3814697265625,0.9553816914558411
404,346.22747802734375,186.391845703125,206.37454223632812,836.738525390625,1182.966064453125,0.953190803527832
405,348.12420654296875,189.53509521484375,209.70765686035156,801.1165771484375,1149.24072265625,0.9551836252212524
406,346.83154296875,182.52481079101562,202.62313842773438,781.8255004882812,1128.656982421875,0.9562628269195557
407,347.03118896484375,193.50149536132812,213.5933837890625,789.6705932617188,1136.7017822265625,0.9558238983154297
408,348.5630798339844,186.71324157714844,206.88336181640625,790.3281860351562,1138.8912353515625,0.9557871222496033
409,348.87469482421875,156.03375244140625,176.21356201171875,785.12451171875,1133.999267578125,0.9560782313346863
410,348.8359375,176.6781768798828,196.86785888671875,804.5864868164062,1153.42236328125,0.954989492893219
411,348.8695068359375,180.62391662597656,200.84474182128906,793.339111328125,1142.2086181640625,0.955618679523468
412,348.90557861328125,187.47149658203125,207.6995849609375,785.1145629882812,1134.0201416015625,0.9560787677764893
413,347.50152587890625,160.62123107910156,180.73768615722656,806.2505493164062,1153.7520751953125,0.9548963904380798
414,346.55511474609375,186.39187622070312,206.42576599121094,788.5538330078125,1135.10888671875,0.9558864235877991
415,344.95751953125,178.7147674560547,198.62657165527344,782.5817260742188,1127.539306640625,0.9562205076217651
416,345.26519775390625,177.6041259765625,197.53858947753906,814.578857421875,1159.843994140625,0.9544305205345154
417,344.0326232910156,185.9947509765625,205.8519744873047,847.977783203125,1192.0103759765625,0.9525620937347412
418,343.156494140625,197.10275268554688,216.87310791015625,789.1756591796875,1132.3321533203125,0.9558516144752502
419,345.22955322265625,177.84490966796875,197.78697204589844,784.0933837890625,1129.322998046875,0.9561359286308289
420,347.15948486328125,181.1791534423828,201.2534942626953,785.0176391601562,1132.1771240234375,0.9560842514038086
421,348.04962158203125,180.9386444091797,201.0594482421875,799.3170166015625,1147.36669921875,0.9552842974662781
422,347.41473388671875,192.30657958984375,212.38694763183594,793.9161987304688,1141.3309326171875,0.9555864334106445
423,347.3408508300781,182.19773864746094,202.2565460205078,786.90185546875,1134.24267578125,0.9559788107872009
424,347.2948913574219,195.91622924804688,215.96463012695312,782.6453857421875,1129.9403076171875,0.9562169313430786
425,348.59393310546875,189.4352264404297,209.58029174804688,793.5477294921875,1142.1416015625,0.9556070566177368
426,348.70953369140625,178.0597381591797,198.22866821289062,779.75341796875,1128.462890625,0.956378698348999
427,348.03594970703125,180.22854614257812,200.34259033203125,804.283447265625,1152.3193359375,0.9550064206123352
428,347.83953857421875,186.23626708984375,206.3315887451172,789.9571533203125,1137.796630859375,0.9558078646659851
429,347.68414306640625,175.38800048828125,195.46240234375,791.4718017578125,1139.156005859375,0.9557231664657593
430,347.12872314453125,193.82362365722656,213.85333251953125,795.9189453125,1143.047607421875,0.9554743766784668
431,348.0111083984375,181.6232147216797,201.71334838867188,784.57470703125,1132.5858154296875,0.9561089873313904
432,346.8739318847656,174.71963500976562,194.73045349121094,791.4925537109375,1138.366455078125,0.9557219743728638
433,346.05670166015625,175.86801147460938,195.81610107421875,793.7374267578125,1139.794189453125,0.955596387386322
434,344.5467529296875,178.38270568847656,198.21908569335938,805.7156982421875,1150.262451171875,0.9549263119697571
435,345.9127197265625,187.84988403320312,207.77301025390625,797.77734375,1143.6900634765625,0.9553704261779785
436,346.00433349609375,182.72569274902344,202.66751098632812,786.4083862304688,1132.4127197265625,0.9560064077377319
437,345.637451171875,196.26132202148438,216.18508911132812,790.4002685546875,1136.0377197265625,0.9557831287384033
438,345.7891540527344,185.90342712402344,205.82058715820312,782.611572265625,1128.4007568359375,0.9562188386917114
439,345.8361511230469,184.86041259765625,204.77529907226562,789.2015380859375,1135.0377197265625,0.9558501839637756
440,346.87579345703125,188.34814453125,208.33779907226562,794.456787109375,1141.33251953125,0.9555561542510986
441,346.3410949707031,174.56521606445312,194.50665283203125,801.9364013671875,1148.2774658203125,0.9551377296447754
442,345.6097717285156,185.5149383544922,205.4180145263672,801.74609375,1147.3558349609375,0.9551483988761902
443,343.92926025390625,184.48092651367188,204.2521209716797,800.4741821289062,1144.4034423828125,0.955219566822052
444,344.8476867675781,175.7302703857422,195.57122802734375,785.609375,1130.45703125,0.9560511112213135
445,344.935302734375,193.17474365234375,213.02468872070312,785.23583984375,1130.171142578125,0.9560720324516296
446,347.10870361328125,169.64947509765625,189.6732177734375,807.1553955078125,1154.26416015625,0.9548457860946655
447,346.30908203125,185.82363891601562,205.79620361328125,789.710693359375,1136.019775390625,0.955821692943573
448,345.5990295410156,179.41592407226562,199.31936645507812,784.8931884765625,1130.4921875,0.9560911655426025
449,345.5684509277344,192.09957885742188,212.01780700683594,784.8472900390625,1130.415771484375,0.9560937285423279
450,345.1396179199219,188.98721313476562,208.91014099121094,791.8800048828125,1137.0196533203125,0.9557003378868103
451,345.1313781738281,197.05413818359375,216.94503784179688,800.9610595703125,1146.0924072265625,0.9551923274993896
452,345.51727294921875,175.71771240234375,195.64955139160156,792.52197265625,1138.039306640625,0.9556643962860107
453,346.7800598144531,180.79254150390625,200.8029022216797,797.4029541015625,1144.1829833984375,0.9553913474082947
454,346.9621887207031,177.5491943359375,197.5564422607422,810.25146484375,1157.213623046875,0.9546725749969482
455,348.1649169921875,168.10462951660156,188.18702697753906,788.0072021484375,1136.172119140625,0.9559170007705688
456,347.47723388671875,192.5955810546875,212.65687561035156,797.0862426757812,1144.5634765625,0.955409049987793
457,344.86334228515625,194.89512634277344,214.77110290527344,789.8404541015625,1134.703857421875,0.9558144211769104
458,344.03302001953125,184.6923828125,204.4910125732422,781.3387451171875,1125.371826171875,0.9562900066375732
459,345.5955505371094,175.37118530273438,195.30079650878906,781.611083984375,1127.2066650390625,0.9562748074531555
460,346.0777587890625,187.27963256835938,207.2171630859375,799.7841796875,1145.8619384765625,0.9552581310272217
461,345.50335693359375,179.76138305664062,199.6454620361328,813.1840209960938,1158.6873779296875,0.9545085430145264
462,347.9367980957031,186.59120178222656,206.63868713378906,820.4776611328125,1168.4144287109375,0.954100489616394
463,348.9859924316406,190.35028076171875,210.48951721191406,786.926513671875,1135.9124755859375,0.9559774398803711
464,346.83282470703125,193.04312133789062,213.04164123535156,784.676025390625,1131.5087890625,0.9561033248901367
465,346.1422119140625,180.18783569335938,200.14344787597656,793.8929443359375,1140.03515625,0.9555877447128296
466,345.8256530761719,195.66983032226562,215.58932495117188,781.8255004882812,1127.651123046875,0.9562628269195557
467,345.7033996582031,153.30477905273438,173.23086547851562,784.6476440429688,1130.35107421875,0.9561049342155457
468,345.0445556640625,179.9122314453125,199.7820281982422,788.6439819335938,1133.6884765625,0.9558813571929932
469,346.3309020996094,177.78179931640625,197.72259521484375,795.434326171875,1141.7652587890625,0.9555014967918396
470,345.3604431152344,184.38804626464844,204.2639923095703,789.8716430664062,1135.2320556640625,0.9558126926422119
471,345.301513671875,195.36090087890625,215.21484375,793.9479370117188,1139.24951171875,0.9555846452713013
472,345.60064697265625,183.5868682861328,203.4622344970703,795.4791259765625,1141.079833984375,0.955498993396759
473,345.83416748046875,180.99850463867188,200.90777587890625,801.097412109375,1146.931640625,0.9551846981048584
474,345.1656188964844,183.7152099609375,203.5875244140625,803.9033813476562,1149.0689697265625,0.95502769947052
475,345.3069152832031,181.15145874023438,201.02806091308594,804.536865234375,1149.84375,0.9549922943115234
476,344.68743896484375,181.20477294921875,201.0520477294922,801.7174072265625,1146.40478515625,0.9551500082015991
477,342.92791748046875,185.56512451171875,205.30307006835938,799.7755126953125,1142.703369140625,0.9552586078643799
478,344.4222412109375,179.5176544189453,199.3350067138672,812.0462646484375,1156.468505859375,0.9545722007751465
479,343.5325012207031,186.7783966064453,206.53871154785156,811.99169921875,1155.524169921875,0.95457524061203
480,342.2259216308594,165.73602294921875,185.36758422851562,785.6442260742188,1127.8701171875,0.9560491442680359
481,342.2857666015625,173.46893310546875,193.12490844726562,782.2166748046875,1124.50244140625,0.9562408924102783
482,342.3691101074219,178.87232971191406,198.53970336914062,791.7515869140625,1134.1207275390625,0.9557074904441833
483,343.2124938964844,190.78359985351562,210.50119018554688,783.0274047851562,1126.2398681640625,0.9561955332756042
484,343.62969970703125,176.74082946777344,196.49749755859375,788.0382080078125,1131.66796875,0.9559152126312256
485,343.7552490234375,166.14039611816406,185.89553833007812,783.6141357421875,1127.369384765625,0.9561627507209778
486,343.0075988769531,193.526123046875,213.22415161132812,801.3040771484375,1144.3116455078125,0.955173134803772
487,342.2657470703125,186.42950439453125,206.0631866455078,780.9347534179688,1123.200439453125,0.9563126564025879
488,344.0325927734375,176.01698303222656,195.78533935546875,784.15966796875,1128.1922607421875,0.9561322331428528
489,343.69207763671875,171.8290252685547,191.5740966796875,782.0680541992188,1125.7601318359375,0.9562492370605469
490,341.5461120605469,175.91702270507812,195.5175018310547,783.3115234375,1124.857666015625,0.956179678440094
491,341.56396484375,188.82664489746094,208.41473388671875,800.6519775390625,1142.2159423828125,0.9552096128463745
492,341.67535400390625,170.90771484375,190.50633239746094,785.03955078125,1126.71484375,0.9560829997062683
493,343.144775390625,176.047607421875,195.74317932128906,794.6891479492188,1137.833984375,0.9555431604385376
494,344.3900146484375,163.37179565429688,183.15077209472656,784.16015625,1128.5501708984375,0.956132173538208
495,344.2912292480469,198.84066772460938,218.61793518066406,784.57275390625,1128.864013671875,0.9561091065406799
496,344.8988037109375,192.81492614746094,212.66026306152344,777.883544921875,1122.7823486328125,0.9564833045005798
497,343.4000244140625,175.72775268554688,195.48974609375,781.4322509765625,1124.832275390625,0.9562848210334778
498,341.79150390625,195.84707641601562,215.49884033203125,783.6256713867188,1125.417236328125,0.9561620950698853
499,340.20233154296875,192.65341186523438,212.16024780273438,808.8663330078125,1149.068603515625,0.9547500610351562
500,341.2703857421875,196.4686279296875,216.0314483642578,784.1771850585938,1125.447509765625,0.9561312198638916
501,341.43218994140625,171.54916381835938,191.1155548095703,781.2465209960938,1122.6787109375,0.9562951922416687
502,340.6662902832031,185.49578857421875,205.0318603515625,825.2005615234375,1165.8668212890625,0.9538363218307495
503,340.9329833984375,173.02081298828125,192.56260681152344,782.9078369140625,1123.8408203125,0.9562022686004639
504,340.7652282714844,166.13043212890625,185.69100952148438,789.792724609375,1130.5579833984375,0.9558171033859253
505,341.13543701171875,190.32339477539062,209.9080810546875,796.7881469726562,1137.923583984375,0.9554257392883301
506,340.94476318359375,167.05300903320312,186.60450744628906,807.178955078125,1148.123779296875,0.9548444747924805
507,340.36639404296875,180.235595703125,199.74147033691406,796.6659545898438,1137.0323486328125,0.9554325938224792
508,340.3598327636719,181.533447265625,201.02841186523438,794.9335327148438,1135.2933349609375,0.955529510974884
509,339.82275390625,172.5323486328125,191.99755859375,788.9300537109375,1128.7528076171875,0.9558653235435486
510,339.81292724609375,189.25941467285156,208.69583129882812,784.4891357421875,1124.302001953125,0.9561138153076172
511,341.52020263671875,186.39364624023438,205.95484924316406,788.177001953125,1129.697265625,0.9559074640274048
512,341.2879943847656,181.17640686035156,200.72756958007812,797.0550537109375,1138.343017578125,0.9554108381271362
513,340.6572265625,186.55397033691406,206.0655975341797,790.6751708984375,1131.3323974609375,0.9557677507400513
514,338.95703125,169.8632354736328,189.26312255859375,789.458251953125,1128.415283203125,0.9558358192443848
515,338.5568542480469,175.45272827148438,194.80616760253906,783.6209106445312,1122.177734375,0.9561623334884644
516,339.444580078125,162.02069091796875,181.4374237060547,793.492431640625,1132.93701171875,0.9556100964546204
517,342.42608642578125,189.796875,209.4376678466797,791.02978515625,1133.455810546875,0.9557479023933411
518,342.40020751953125,183.45816040039062,203.09947204589844,785.3350219726562,1127.7352294921875,0.9560664892196655
519,340.21295166015625,175.43170166015625,194.9105224609375,785.8140869140625,1126.027099609375,0.9560396671295166
520,340.39520263671875,177.18307495117188,196.65750122070312,786.1651000976562,1126.560302734375,0.9560199975967407
521,341.7170715332031,180.10586547851562,199.6969451904297,787.7381591796875,1129.4552001953125,0.9559320211410522
522,340.76544189453125,172.84486389160156,192.39752197265625,792.4266967773438,1133.192138671875,0.9556697607040405
523,340.37091064453125,183.64346313476562,203.17051696777344,783.49267578125,1123.863525390625,0.9561695456504822
524,339.64056396484375,175.09237670898438,194.53811645507812,787.9547729492188,1127.5953369140625,0.9559199213981628
525,338.9189453125,192.8616180419922,212.23822021484375,794.0574951171875,1132.9764404296875,0.9555785059928894
526,340.7699890136719,168.11717224121094,187.6245574951172,780.1514892578125,1120.9215087890625,0.9563564658164978
527,340.582763671875,195.75506591796875,215.24635314941406,829.4282836914062,1170.010986328125,0.9535998106002808
528,340.2190246582031,166.54193115234375,186.00245666503906,807.3024291992188,1147.521484375,0.9548375606536865
529,339.71697998046875,178.82952880859375,198.2573699951172,780.5715942382812,1120.28857421875,0.9563329219818115
530,340.2166442871094,167.8563232421875,187.31529235839844,816.3206787109375,1156.537353515625,0.9543330669403076
531,340.84075927734375,182.196044921875,201.71351623535156,814.2431640625,1155.083984375,0.9544492959976196
532,341.27581787109375,178.22927856445312,197.7987823486328,787.76513671875,1129.041015625,0.9559305310249329
533,340.85516357421875,188.83714294433594,208.36654663085938,800.147705078125,1141.0029296875,0.9552378058433533
534,341.00885009765625,197.78274536132812,217.313232421875,807.2914428710938,1148.30029296875,0.9548381567001343
535,342.2832946777344,168.7069091796875,188.33763122558594,795.0619506835938,1137.34521484375,0.9555222988128662
536,341.203857421875,179.19911193847656,198.7425537109375,786.4443359375,1127.648193359375,0.9560043811798096
537,341.16552734375,181.0164031982422,200.55239868164062,806.778564453125,1147.944091796875,0.954866886138916
538,341.501953125,187.0423583984375,206.58609008789062,782.0374755859375,1123.5394287109375,0.9562509059906006
539,341.49755859375,174.98434448242188,194.53404235839844,782.2625732421875,1123.7601318359375,0.956238329410553
540,341.53533935546875,173.05294799804688,192.61123657226562,808.6373901367188,1150.1727294921875,0.954762876033783
541,340.28125,172.34393310546875,191.8273468017578,798.4315185546875,1138.7127685546875,0.9553338289260864
542,340.499267578125,181.59982299804688,201.08412170410156,783.1823120117188,1123.681640625,0.9561868906021118
543,340.1412353515625,181.7564239501953,201.21786499023438,817.780517578125,1157.9217529296875,0.9542514085769653
544,340.1229248046875,186.26275634765625,205.7257537841797,801.1595458984375,1141.282470703125,0.9551811814308167
545,339.42266845703125,178.5645751953125,197.96942138671875,784.6946411132812,1124.1173095703125,0.9561023116111755
546,338.26824951171875,172.964111328125,192.29034423828125,786.9071044921875,1125.17529296875,0.955978512763977
547,338.9020080566406,178.8777618408203,198.25071716308594,789.157470703125,1128.0594482421875,0.9558526277542114
548,339.9256591796875,187.43911743164062,206.8880615234375,794.3197021484375,1134.245361328125,0.9555638432502747
549,340.4966735839844,184.18325805664062,203.6647491455078,802.6218872070312,1143.1185302734375,0.9550994038581848
550,339.71771240234375,184.21588134765625,203.64881896972656,792.4632568359375,1132.180908203125,0.9556676745414734
551,340.9736022949219,174.55380249023438,194.08148193359375,784.3367309570312,1125.310302734375,0.9561223387718201
552,339.77069091796875,164.42819213867188,183.89064025878906,782.16064453125,1121.931396484375,0.9562440514564514
553,339.0937805175781,193.632568359375,213.04669189453125,792.796630859375,1131.890380859375,0.9556490182876587
554,339.6644287109375,169.55862426757812,188.97683715820312,838.2611083984375,1177.925537109375,0.953105628490448
555,341.08831787109375,161.92227172851562,181.44454956054688,789.6553955078125,1130.74365234375,0.9558247923851013
556,339.72540283203125,178.65916442871094,198.06417846679688,781.092529296875,1120.81787109375,0.9563037753105164
557,340.2269287109375,171.74578857421875,191.18406677246094,793.7569580078125,1133.98388671875,0.9555953145027161
558,339.749755859375,179.76104736328125,199.182861328125,785.4083251953125,1125.1580810546875,0.956062376499176
559,339.763671875,190.984619140625,210.40908813476562,785.0475463867188,1124.811279296875,0.9560825228691101
560,339.0780029296875,168.02410888671875,187.40347290039062,808.1968994140625,1147.27490234375,0.9547874927520752
561,339.1412353515625,209.06410217285156,228.4248046875,815.4409790039062,1154.582275390625,0.9543822407722473
562,338.01568603515625,171.38282775878906,190.6647491455078,787.7322387695312,1125.7479248046875,0.9559323787689209
563,337.09185791015625,196.6219482421875,215.82273864746094,790.4104614257812,1127.5023193359375,0.9557825326919556
564,338.81890869140625,185.87376403808594,205.2187042236328,785.5480346679688,1124.366943359375,0.9560545682907104
565,339.64141845703125,185.76467895507812,205.16624450683594,790.1187744140625,1129.76025390625,0.955798864364624
566,341.0382080078125,188.73550415039062,208.2602996826172,786.5946655273438,1127.6328125,0.9559959769248962
567,340.2731018066406,194.99453735351562,214.46693420410156,790.941162109375,1131.2142333984375,0.9557528495788574
568,339.37139892578125,181.9224853515625,201.31263732910156,794.0574340820312,1133.4288330078125,0.9555785059928894
569,337.357421875,182.1829833984375,201.42816162109375,788.0391235351562,1125.396484375,0.9559152126312256
570,336.6146240234375,175.15652465820312,194.3292999267578,800.4574584960938,1137.072021484375,0.9552204608917236
571,338.866455078125,178.2976837158203,197.62498474121094,804.1322021484375,1142.9986572265625,0.9550148844718933
572,338.94598388671875,161.09002685546875,180.4274444580078,783.7149658203125,1122.660888671875,0.9561570882797241
573,339.5829772949219,183.91897583007812,203.31788635253906,806.19482421875,1145.77783203125,0.9548994898796082
574,338.20635986328125,195.44284057617188,214.74209594726562,790.7467651367188,1128.953125,0.9557636976242065
575,338.5439147949219,173.7905731201172,193.1012420654297,795.14599609375,1133.68994140625,0.955517590045929
576,340.1112976074219,180.13018798828125,199.54611206054688,821.2584228515625,1161.3697509765625,0.9540567994117737
577,339.63958740234375,208.75006103515625,228.1412811279297,795.8698120117188,1135.5093994140625,0.9554771184921265
578,338.61505126953125,183.0377960205078,202.34390258789062,784.9730224609375,1123.588134765625,0.9560866951942444
579,338.219482421875,183.5950927734375,202.87185668945312,787.3743896484375,1125.5938720703125,0.9559524059295654
580,337.984375,197.36508178710938,216.6260223388672,782.85888671875,1120.84326171875,0.9562050104141235
581,340.0895690917969,179.6377716064453,199.0563507080078,799.4383544921875,1139.5279541015625,0.9552775025367737
582,339.565185546875,169.86920166015625,189.242431640625,783.8218994140625,1123.3870849609375,0.9561511278152466
583,340.00244140625,173.5438232421875,192.94964599609375,781.622802734375,1121.625244140625,0.956274151802063
584,339.18353271484375,184.02137756347656,203.35865783691406,785.84814453125,1125.03173828125,0.9560377597808838
585,338.1522216796875,180.00497436523438,199.26473999023438,784.2012939453125,1122.353515625,0.9561299085617065
586,338.13043212890625,166.1505889892578,185.41075134277344,779.91455078125,1118.044921875,0.9563696980476379
587,339.04315185546875,181.3537139892578,200.66114807128906,780.037841796875,1119.0810546875,0.956362783908844
588,340.6136779785156,183.3302001953125,202.7597198486328,779.3577880859375,1119.971435546875,0.9564008712768555
589,340.22064208984375,179.03416442871094,198.45643615722656,783.8951416015625,1124.11572265625,0.9561470150947571
590,338.353271484375,189.51416015625,208.81655883789062,814.9296264648438,1153.282958984375,0.9544108510017395
591,338.245361328125,179.76004028320312,199.04351806640625,788.14208984375,1126.387451171875,0.9559094309806824
592,339.6772766113281,184.71844482421875,204.08197021484375,782.688232421875,1122.365478515625,0.9562145471572876
593,340.7675476074219,190.46560668945312,209.91085815429688,783.6690673828125,1124.4366455078125,0.9561596512794495
594,341.69378662109375,187.316650390625,206.84011840820312,785.74951171875,1127.443359375,0.9560433030128479
595,341.74652099609375,166.04071044921875,185.58700561523438,789.09912109375,1130.845703125,0.9558559060096741
596,340.7154235839844,174.25262451171875,193.71128845214844,784.123779296875,1124.8392333984375,0.9561342000961304
597,340.7228698730469,176.42562866210938,195.8740997314453,785.0318603515625,1125.7547607421875,0.9560834169387817
598,339.0608215332031,164.65200805664062,183.98959350585938,792.5733642578125,1131.6341552734375,0.9556615352630615
599,338.7593688964844,196.3533935546875,215.661865234375,807.858154296875,1146.6175537109375,0.9548064470291138
600,339.4161376953125,186.86550903320312,206.21324157714844,787.6781005859375,1127.09423828125,0.9559353590011597
601,339.5494079589844,190.99176025390625,210.3693389892578,789.94482421875,1129.4942626953125,0.9558085799217224
602,339.02386474609375,194.1829833984375,213.4960174560547,781.6461181640625,1120.669921875,0.9562728404998779
603,339.58135986328125,174.26531982421875,193.6112518310547,794.3223876953125,1133.90380859375,0.9555636644363403
604,339.7846374511719,185.62466430664062,204.99427795410156,785.4066772460938,1125.1912841796875,0.9560624361038208
605,339.9800720214844,184.71348571777344,204.0850067138672,808.576904296875,1148.5570068359375,0.9547662734985352
606,339.87506103515625,182.410888671875,201.7720489501953,786.62744140625,1126.50244140625,0.955994188785553
607,340.490966796875,198.7548370361328,218.17391967773438,795.8187255859375,1136.3096923828125,0.9554799795150757
608,339.7654724121094,176.04266357421875,195.407470703125,781.5255126953125,1121.291015625,0.9562795758247375
609,339.6061096191406,174.16879272460938,193.51644897460938,795.33544921875,1134.9415283203125,0.9555070400238037
610,339.39471435546875,187.00897216796875,206.33839416503906,848.2996215820312,1187.6943359375,0.952544093132019
611,338.25372314453125,181.16952514648438,200.4516143798828,797.7131958007812,1135.9669189453125,0.955374002456665
612,337.48468017578125,180.5521240234375,199.78134155273438,799.92529296875,1137.409912109375,0.9552502632141113
613,337.8096923828125,206.1033935546875,225.33030700683594,786.6380004882812,1124.44775390625,0.9559935927391052
614,337.1750793457031,186.76768493652344,205.94830322265625,799.6434936523438,1136.818603515625,0.955265998840332
615,337.54486083984375,176.52392578125,195.73728942871094,801.3470458984375,1138.891845703125,0.9551706910133362
616,338.47216796875,176.942626953125,196.19912719726562,782.1989135742188,1120.671142578125,0.9562419056892395
617,339.6392822265625,190.83663940429688,210.17498779296875,785.6177978515625,1125.257080078125,0.9560506343841553
618,340.5223693847656,186.2469482421875,205.645263671875,799.3038330078125,1139.826171875,0.9552850127220154
619,340.6150207519531,193.27178955078125,212.67779541015625,793.5704345703125,1134.1854248046875,0.9556057453155518
620,338.93609619140625,184.73260498046875,204.02359008789062,802.2161254882812,1141.1522216796875,0.9551221132278442
621,338.15435791015625,171.58551025390625,190.80857849121094,783.9158325195312,1122.0701904296875,0.9561458826065063
622,338.67327880859375,175.47286987304688,194.73635864257812,778.1556396484375,1116.828857421875,0.9564681053161621
623,339.24481201171875,186.6527099609375,205.94790649414062,790.154541015625,1129.3994140625,0.9557968378067017
624,338.71697998046875,192.81182861328125,212.09141540527344,786.2664794921875,1124.9833984375,0.9560143351554871
625,337.4240417480469,173.38958740234375,192.5891876220703,832.0480346679688,1169.4720458984375,0.9534532427787781
626,336.20648193359375,196.12246704101562,215.2268524169922,818.918701171875,1155.125244140625,0.9541876912117004
627,337.8385009765625,193.2120819091797,212.41030883789062,805.5601196289062,1143.398681640625,0.9549350142478943
628,339.2403259277344,200.8787078857422,220.17596435546875,800.1984252929688,1139.438720703125,0.955234944820404
629,338.28997802734375,185.70285034179688,204.95201110839844,785.7122192382812,1124.002197265625,0.956045389175415
630,336.860595703125,188.47305297851562,207.60580444335938,787.9677734375,1124.828369140625,0.9559192061424255
631,336.0120544433594,182.20071411132812,201.26419067382812,783.3429565429688,1119.35498046875,0.9561778903007507
632,336.90167236328125,173.9166259765625,193.04364013671875,798.8988647460938,1135.800537109375,0.95530766248703
633,336.5828857421875,180.41900634765625,199.536865234375,781.4056396484375,1117.988525390625,0.9562863111495972
634,336.5923156738281,201.43212890625,220.52734375,782.7623901367188,1119.354736328125,0.9562103748321533
635,336.8749084472656,185.0305938720703,204.1465606689453,798.0748291015625,1134.94970703125,0.9553537964820862
636,338.546630859375,194.83798217773438,214.07427978515625,802.83203125,1141.378662109375,0.9550876617431641
637,339.4552001953125,197.45767211914062,216.76083374023438,794.4925537109375,1133.94775390625,0.955554187297821
638,338.8055114746094,179.25411987304688,198.5227508544922,790.9739379882812,1129.7794189453125,0.9557510018348694
639,339.179443359375,188.7755584716797,208.08795166015625,781.5216064453125,1120.7010498046875,0.9562798142433167
640,337.8076171875,163.71664428710938,182.9540252685547,786.4400024414062,1124.24755859375,0.9560046195983887
641,336.35296630859375,182.28744506835938,201.4021759033203,795.580322265625,1131.933349609375,0.9554933309555054
642,336.14654541015625,200.09616088867188,219.16485595703125,801.944580078125,1138.091064453125,0.955137312412262
643,338.98956298828125,174.44322204589844,193.7095184326172,783.5875244140625,1122.5771484375,0.9561642408370972
644,339.74609375,191.66488647460938,210.98583984375,793.9500122070312,1133.696044921875,0.9555845260620117
645,339.07415771484375,196.42967224121094,215.70654296875,786.16064453125,1125.23486328125,0.9560202956199646
646,337.37646484375,206.10646057128906,225.26441955566406,799.3607177734375,1136.7371826171875,0.9552818536758423
647,335.15863037109375,188.90435791015625,207.91845703125,785.1359252929688,1120.2945556640625,0.9560775756835938
648,334.2704162597656,191.65573120117188,210.61827087402344,788.33203125,1122.6024169921875,0.9558988213539124
649,334.0240478515625,187.97476196289062,206.9023895263672,788.609619140625,1122.6336669921875,0.955883264541626
650,333.3662109375,194.199462890625,213.06515502929688,785.0518798828125,1118.4180908203125,0.956082284450531
651,334.51031494140625,175.93280029296875,194.88328552246094,791.26953125,1125.77978515625,0.9557344913482666
652,335.242431640625,175.32757568359375,194.33291625976562,784.650390625,1119.892822265625,0.9561047554016113
653,337.15557861328125,160.70364379882812,179.82998657226562,799.63671875,1136.792236328125,0.9552664160728455
654,336.9330139160156,189.67568969726562,208.79811096191406,782.9432373046875,1119.876220703125,0.9562002420425415
655,336.642578125,199.06268310546875,218.1595458984375,783.9231567382812,1120.565673828125,0.9561454653739929
656,336.31231689453125,189.38088989257812,208.4512481689453,789.1328125,1125.445068359375,0.9558539986610413
657,334.81390380859375,181.57208251953125,200.53602600097656,795.314453125,1130.12841796875,0.9555081725120544
658,333.7914123535156,176.88433837890625,195.76617431640625,785.2059326171875,1118.997314453125,0.9560737013816833
659,333.343017578125,180.24880981445312,199.0936279296875,818.256591796875,1151.599609375,0.9542247653007507
660,333.3462829589844,173.04150390625,191.88250732421875,811.297119140625,1144.6434326171875,0.9546141028404236
661,332.86932373046875,186.56736755371094,205.36634826660156,791.7890625,1124.658447265625,0.9557054042816162
662,333.5693359375,179.6876220703125,198.54566955566406,793.4229125976562,1126.9921875,0.9556140303611755
663,333.8778381347656,187.6953125,206.590576171875,783.8968505859375,1117.774658203125,0.9561468958854675
664,334.554931640625,172.1424560546875,191.0763702392578,785.139892578125,1119.69482421875,0.9560773968696594
665,333.6108703613281,182.6399688720703,201.50149536132812,785.767578125,1119.37841796875,0.9560422897338867
666,332.65814208984375,184.26976013183594,203.05079650878906,780.6129150390625,1113.27099609375,0.9563306570053101
667,332.51580810546875,165.6011962890625,184.37351989746094,792.046875,1124.562744140625,0.9556909799575806
668,331.6580505371094,186.91650390625,205.6256866455078,806.142333984375,1137.8004150390625,0.9549024701118469
669,332.80645751953125,188.51846313476562,207.30047607421875,784.0748291015625,1116.88134765625,0.95613694190979
670,334.17645263671875,179.8023223876953,198.6702423095703,782.8988037109375,1117.0751953125,0.9562027454376221
671,332.3172607421875,186.4107208251953,205.16989135742188,795.0213623046875,1127.338623046875,0.9555245637893677
672,333.646728515625,179.37576293945312,198.2115936279297,799.2197265625,1132.866455078125,0.9552897214889526
673,334.01104736328125,166.8402099609375,185.70758056640625,782.8492431640625,1116.8603515625,0.9562055468559265
674,333.5361328125,177.14205932617188,195.97946166992188,784.2239990234375,1117.7601318359375,0.9561285972595215
675,334.37469482421875,179.97705078125,198.87303161621094,799.6444091796875,1134.01904296875,0.9552659392356873
676,333.2176208496094,181.29681396484375,200.11248779296875,788.6740112304688,1121.8916015625,0.9558796882629395
677,332.377685546875,157.33692932128906,176.08755493164062,791.3077392578125,1123.6854248046875,0.9557323455810547
678,332.8407897949219,185.97479248046875,204.7608184814453,835.062255859375,1167.903076171875,0.9532846212387085
679,331.51934814453125,190.55369567871094,209.2528533935547,781.28271484375,1112.802001953125,0.9562931656837463
680,331.35528564453125,187.0960693359375,205.7653350830078,798.9765625,1130.331787109375,0.9553033113479614
681,331.52752685546875,176.89085388183594,195.57667541503906,807.0059814453125,1138.533447265625,0.9548541307449341
682,332.1461486816406,178.03500366210938,196.76766967773438,811.885986328125,1144.0321044921875,0.9545811414718628
683,332.5755310058594,199.4006805419922,218.16598510742188,810.043212890625,1142.6187744140625,0.9546842575073242
684,332.44635009765625,188.50726318359375,207.28121948242188,808.6348266601562,1141.0811767578125,0.9547629952430725
685,332.0913391113281,172.32191467285156,191.10304260253906,788.5574951171875,1120.6488037109375,0.95588618516922
686,331.6768798828125,168.09024047851562,186.79794311523438,785.40869140625,1117.0855712890625,0.9560623168945312
687,333.88385009765625,185.1305694580078,203.98153686523438,784.224609375,1118.1083984375,0.9561285972595215
688,334.4442138671875,180.5570068359375,199.43817138671875,819.4664306640625,1153.91064453125,0.9541570544242859
689,334.85113525390625,196.84417724609375,215.76194763183594,789.491455078125,1124.342529296875,0.9558339715003967
690,332.7518310546875,171.70741271972656,190.47622680664062,785.4541625976562,1118.2060546875,0.9560598134994507
691,332.201171875,189.2794647216797,208.0051727294922,798.2146606445312,1130.415771484375,0.9553459286689758
692,333.7354431152344,195.6123809814453,214.4474639892578,786.30126953125,1120.0367431640625,0.9560124278068542
693,334.3738098144531,179.4862060546875,198.38882446289062,789.5607299804688,1123.9345703125,0.9558300971984863
694,333.29510498046875,194.79246520996094,213.62933349609375,796.6404418945312,1129.935546875,0.9554340243339539
695,332.2740478515625,191.80093383789062,210.54339599609375,802.2025146484375,1134.4765625,0.9551228284835815
696,331.6446228027344,194.52732849121094,213.21852111816406,792.3846435546875,1124.029296875,0.9556720852851868
697,330.8023681640625,204.68890380859375,223.3098907470703,813.7290649414062,1144.531494140625,0.9544780254364014
698,332.54022216796875,176.20077514648438,194.9271697998047,780.90576171875,1113.446044921875,0.9563142657279968
699,333.3527526855469,186.37193298339844,205.16539001464844,806.1961669921875,1139.5489501953125,0.9548994302749634
700,334.3232421875,177.24195861816406,196.10122680664062,787.4295043945312,1121.752685546875,0.9559493064880371
701,333.53875732421875,186.04061889648438,204.84344482421875,795.7767333984375,1129.3154296875,0.9554823040962219
702,331.77008056640625,179.34861755371094,198.02816772460938,792.343017578125,1124.113037109375,0.955674409866333
703,330.5629577636719,187.93524169921875,206.53683471679688,786.4013671875,1116.96435546875,0.9560068249702454
704,329.9806213378906,192.79818725585938,211.3585662841797,781.973876953125,1111.9544677734375,0.9562544822692871
705,331.33612060546875,195.7726593017578,214.41958618164062,785.8604736328125,1117.196533203125,0.9560370445251465
706,332.7197265625,177.09939575195312,195.86541748046875,783.911376953125,1116.631103515625,0.9561461210250854
707,334.9561462402344,178.50582885742188,197.43814086914062,799.3413696289062,1134.2974853515625,0.9552829265594482
708,334.4932556152344,176.02200317382812,194.9145050048828,816.8565673828125,1151.349853515625,0.9543030858039856
709,332.61029052734375,168.1170196533203,186.8706817626953,798.5834350585938,1131.1937255859375,0.9553253054618835
710,331.31964111328125,180.13583374023438,198.77679443359375,792.0210571289062,1123.3406982421875,0.9556924104690552
711,333.12103271484375,186.93402099609375,205.6987762451172,788.9512329101562,1122.072265625,0.9558641910552979
712,332.6599426269531,184.4370574951172,203.19590759277344,794.8759155273438,1127.535888671875,0.9555327296257019
713,332.5697937011719,181.56918334960938,200.30361938476562,782.07373046875,1114.6435546875,0.9562488794326782
714,332.387939453125,182.27597045898438,200.994384765625,782.8331909179688,1115.22119140625,0.9562064409255981
715,332.6455078125,178.6138153076172,197.3540802001953,785.79296875,1118.4384765625,0.9560408592224121
716,332.7232666015625,196.42904663085938,215.17420959472656,780.381103515625,1113.1043701171875,0.9563435912132263
717,333.1834411621094,192.47146606445312,211.24948120117188,793.25341796875,1126.4368896484375,0.9556235074996948
718,333.3377990722656,194.5367431640625,213.31655883789062,784.5864868164062,1117.92431640625,0.9561083316802979
719,333.3060607910156,192.68893432617188,211.48355102539062,781.6329345703125,1114.93896484375,0.9562735557556152
720,333.7709045410156,184.983154296875,203.8036346435547,784.54052734375,1118.3114013671875,0.9561108946800232
721,333.68426513671875,189.99227905273438,208.8115234375,781.2086181640625,1114.892822265625,0.9562972784042358
722,332.9424743652344,172.98098754882812,191.74652099609375,783.0308837890625,1115.973388671875,0.9561953544616699
723,332.58807373046875,166.12124633789062,184.85528564453125,814.6043701171875,1147.1923828125,0.9544290900230408
724,333.395263671875,182.06829833984375,200.86795043945312,824.8758544921875,1158.2711181640625,0.9538544416427612
725,332.4226379394531,194.00869750976562,212.74032592773438,790.6875,1123.110107421875,0.955767035484314
726,331.4875183105469,168.5812225341797,187.23985290527344,783.1634521484375,1114.6510009765625,0.9561879634857178
727,330.90777587890625,198.2288818359375,216.85391235351562,790.1793212890625,1121.087158203125,0.9557954668998718
728,333.95526123046875,183.11358642578125,201.94190979003906,783.9506225585938,1117.9058837890625,0.9561439156532288
729,334.60498046875,174.02322387695312,192.9037322998047,784.8021240234375,1119.4071044921875,0.9560962915420532
730,332.8990478515625,182.76951599121094,201.53851318359375,784.268310546875,1117.1673583984375,0.9561261534690857
731,332.12548828125,183.07772827148438,201.7705078125,787.3302001953125,1119.4556884765625,0.9559548497200012
732,333.8729248046875,179.07949829101562,197.8884735107422,794.5087890625,1128.3817138671875,0.9555532932281494
733,334.125732421875,200.12757873535156,218.9662628173828,798.13818359375,1132.263916015625,0.9553502202033997
734,334.118408203125,165.65737915039062,184.50814819335938,786.1521606445312,1120.2705078125,0.9560207724571228
735,333.82049560546875,199.22598266601562,218.0525360107422,785.3179321289062,1119.138427734375,0.9560674428939819
736,333.6704406738281,180.75570678710938,199.5756378173828,790.4238891601562,1124.0943603515625,0.9557817578315735
737,332.53472900390625,177.3514404296875,196.09823608398438,787.9295654296875,1120.46435546875,0.9559212923049927
738,331.3282470703125,193.93238830566406,212.57179260253906,788.6275634765625,1119.955810546875,0.9558822512626648
739,331.6672668457031,175.8941192626953,194.56591796875,785.7691650390625,1117.4364013671875,0.9560421705245972
740,331.1995849609375,184.115234375,202.768310546875,784.20751953125,1115.4071044921875,0.9561295509338379
741,332.34808349609375,194.18035888671875,212.90525817871094,784.1697387695312,1116.517822265625,0.956131637096405
742,332.906494140625,192.76773071289062,211.53244018554688,810.8338012695312,1143.740234375,0.9546400308609009
743,331.7866516113281,195.84442138671875,214.5264892578125,807.5361938476562,1139.3228759765625,0.9548244476318359
744,331.2240295410156,183.1058807373047,201.7383575439453,810.7847900390625,1142.0087890625,0.9546427726745605
745,332.8758239746094,168.19046020507812,186.95066833496094,786.44287109375,1119.3187255859375,0.9560045003890991
746,332.54638671875,169.63015747070312,188.38006591796875,785.417236328125,1117.963623046875,0.956061840057373
747,331.7330322265625,195.57540893554688,214.2515106201172,794.236572265625,1125.9696044921875,0.9555684924125671
748,331.731201171875,180.3221435546875,198.9969482421875,783.711181640625,1115.4423828125,0.9561573266983032
749,332.2218017578125,190.5396728515625,209.24545288085938,784.0407104492188,1116.262451171875,0.9561388492584229
750,332.08392333984375,181.5390625,200.24404907226562,790.5487670898438,1122.6326904296875,0.9557747840881348
751,332.97259521484375,195.6882781982422,214.44522094726562,792.6935424804688,1125.6661376953125,0.9556547999382019
752,333.4292297363281,178.46810913085938,197.25633239746094,787.7356567382812,1121.1649169921875,0.9559321403503418
753,333.3175354003906,183.14044189453125,201.92831420898438,786.7830810546875,1120.1005859375,0.955985426902771
754,331.0760192871094,194.79534912109375,213.4232177734375,787.6788330078125,1118.7548828125,0.9559353590011597
755,331.03564453125,186.25668334960938,204.8728790283203,783.609375,1114.64501953125,0.9561629891395569
756,331.3680114746094,178.94863891601562,197.5890350341797,793.93505859375,1125.3031005859375,0.9555853605270386
757,332.73370361328125,183.98902893066406,202.72201538085938,788.3342895507812,1121.0679931640625,0.9558987021446228
758,332.3101501464844,179.50030517578125,198.21548461914062,788.070556640625,1120.3807373046875,0.9559134244918823
759,332.2322692871094,190.1445770263672,208.86920166015625,790.2647705078125,1122.4970703125,0.9557906985282898
760,330.8962707519531,171.54978942871094,190.17843627929688,784.3233642578125,1115.2196044921875,0.9561230540275574
761,329.62689208984375,163.16140747070312,181.6795196533203,793.5541381835938,1123.1810302734375,0.9556066989898682
762,330.4057312011719,179.7536163330078,198.33062744140625,783.120361328125,1113.526123046875,0.9561903476715088
763,330.843994140625,196.9887237548828,215.61354064941406,790.6016235351562,1121.445556640625,0.9557718634605408
764,328.6089782714844,192.96676635742188,211.4243621826172,787.1478271484375,1115.7568359375,0.9559650421142578
765,328.41302490234375,190.15956115722656,208.57806396484375,789.6468505859375,1118.059814453125,0.9558252692222595
766,331.26824951171875,188.29608154296875,206.92576599121094,795.93994140625,1127.208251953125,0.9554731845855713
767,331.853759765625,190.65972900390625,209.3402557373047,787.5513916015625,1119.4051513671875,0.9559424519538879
768,331.5288391113281,200.62255859375,219.2747802734375,796.586669921875,1128.115478515625,0.9554370045661926
769,331.9173583984375,165.654541015625,184.32174682617188,787.9949951171875,1119.912353515625,0.9559176564216614
770,332.58953857421875,198.15652465820312,216.8865509033203,783.1679077148438,1115.7574462890625,0.9561877250671387
771,333.259033203125,168.77474975585938,187.55043029785156,787.0293579101562,1120.288330078125,0.9559716582298279
772,333.42327880859375,177.77572631835938,196.577392578125,800.2091064453125,1133.63232421875,0.9552343487739563
773,334.04681396484375,192.85830688476562,211.71145629882812,811.1934814453125,1145.240234375,0.9546198844909668
774,333.678466796875,176.6626434326172,195.47900390625,786.806884765625,1120.4853515625,0.9559841156005859
775,331.6319580078125,176.424072265625,195.09603881835938,800.0304565429688,1131.662353515625,0.9552443623542786
776,332.0350036621094,174.93617248535156,193.62265014648438,794.8120727539062,1126.8470458984375,0.9555363059043884
777,332.39373779296875,163.6754608154297,182.38934326171875,803.1478881835938,1135.5416259765625,0.9550699591636658
778,332.18524169921875,188.95193481445312,207.6556396484375,791.5498046875,1123.735107421875,0.9557188153266907
779,332.95159912109375,193.56134033203125,212.32046508789062,834.1126098632812,1167.064208984375,0.9533377289772034
780,332.0802001953125,184.912353515625,203.6217041015625,783.70166015625,1115.7818603515625,0.9561578631401062
781,330.0582275390625,180.085205078125,198.64747619628906,793.601806640625,1123.6600341796875,0.9556040167808533
782,330.21209716796875,188.27174377441406,206.84815979003906,784.5628662109375,1114.77490234375,0.9561096429824829
783,330.81597900390625,183.3137664794922,201.93075561523438,782.5377197265625,1113.353759765625,0.9562229514122009
784,332.2825927734375,186.49655151367188,205.2016143798828,785.29736328125,1117.5799560546875,0.9560685753822327
785,332.1071472167969,160.66424560546875,179.37796020507812,782.0947875976562,1114.201904296875,0.9562477469444275
786,332.1955871582031,193.5841522216797,212.29776000976562,782.8329467773438,1115.028564453125,0.9562064409255981
787,332.5199279785156,180.14773559570312,198.8711395263672,786.034912109375,1118.5548095703125,0.9560273289680481
788,333.17327880859375,182.1015167236328,200.8704376220703,790.739990234375,1123.913330078125,0.95576411485672
789,332.49560546875,164.6845703125,183.40965270996094,796.7476806640625,1129.2432861328125,0.9554280042648315
790,333.09393310546875,185.71798706054688,204.47799682617188,800.0780029296875,1133.171875,0.9552416801452637
791,333.9334411621094,193.75440979003906,212.57461547851562,790.6104125976562,1124.5438232421875,0.9557713270187378
792,334.6754455566406,179.08294677734375,197.96163940429688,788.76318359375,1123.4385986328125,0.9558746814727783
793,333.8409423828125,186.90585327148438,205.72842407226562,791.2720947265625,1125.113037109375,0.9557343125343323
794,333.1961364746094,185.4490966796875,204.2288818359375,786.5035400390625,1119.69970703125,0.9560011029243469
795,332.1068420410156,183.51461791992188,202.21412658691406,783.6243896484375,1115.731201171875,0.95616215467453
796,330.7806701660156,183.24017333984375,201.83840942382812,785.3145751953125,1116.09521484375,0.9560676217079163
797,331.06512451171875,177.3262939453125,195.9480743408203,798.1431884765625,1129.208251953125,0.9553499221801758
798,331.49700927734375,180.69290161132812,199.33648681640625,795.7376708984375,1127.234619140625,0.9554845094680786
799,333.63934326171875,187.81277465820312,206.6138458251953,789.6142578125,1123.253662109375,0.9558270573616028
800,333.9727478027344,179.08340454101562,197.92291259765625,785.838134765625,1119.8109130859375,0.9560382962226868
801,333.23651123046875,187.5656280517578,206.33355712890625,791.46630859375,1124.702880859375,0.9557234644889832
802,333.1380615234375,182.43814086914062,201.20770263671875,787.2341918945312,1120.372314453125,0.955960214138031
803,331.73162841796875,185.88812255859375,204.5535430908203,788.8990478515625,1120.630615234375,0.9558671116828918
804,331.649169921875,177.94659423828125,196.57598876953125,792.2930297851562,1123.942138671875,0.9556772112846375
805,333.7450256347656,184.7496337890625,203.45071411132812,800.2918701171875,1134.036865234375,0.9552297592163086
806,330.7369079589844,177.737548828125,196.34169006347656,790.5971069335938,1121.333984375,0.9557721018791199
807,328.7408447265625,183.60250854492188,202.06253051757812,803.229248046875,1131.9700927734375,0.9550654292106628
808,329.1590270996094,179.00048828125,197.47735595703125,795.0311279296875,1124.190185546875,0.9555240273475647
809,328.16326904296875,168.6529541015625,187.0977783203125,787.5338134765625,1115.697021484375,0.9559434652328491
810,326.7418518066406,190.2549591064453,208.63526916503906,788.614013671875,1115.3558349609375,0.9558830261230469
811,327.7528381347656,176.95462036132812,195.38143920898438,798.230712890625,1125.9835205078125,0.9553450345993042
812,329.8604431152344,189.18138122558594,207.73568725585938,803.4234619140625,1133.283935546875,0.9550545811653137
813,331.10687255859375,167.83056640625,186.4798583984375,788.42138671875,1119.5283203125,0.9558938145637512
814,330.82958984375,186.73480224609375,205.36561584472656,783.3426513671875,1114.1722412109375,0.9561779499053955
815,330.41131591796875,199.88238525390625,218.4655303955078,798.5733642578125,1128.984619140625,0.9553259015083313
816,331.326416015625,169.48458862304688,188.14804077148438,791.043212890625,1122.36962890625,0.955747127532959
817,329.35723876953125,181.35464477539062,199.88690185546875,793.2369995117188,1122.59423828125,0.9556244015693665
818,330.2379455566406,176.2740936279297,194.89849853515625,780.0739135742188,1110.3118896484375,0.9563607573509216
819,331.4320373535156,203.59585571289062,222.31903076171875,792.540283203125,1123.9722900390625,0.9556633830070496
820,331.06573486328125,175.42205810546875,194.10003662109375,788.0440673828125,1119.10986328125,0.9559149146080017
821,331.79638671875,188.48765563964844,207.18838500976562,785.7130126953125,1117.5093994140625,0.9560453295707703
822,332.51141357421875,167.31838989257812,186.0731964111328,793.9144287109375,1126.42578125,0.9555864930152893
823,331.0664978027344,191.02853393554688,209.67129516601562,841.7490234375,1172.8155517578125,0.9529105424880981
824,330.130615234375,176.1221466064453,194.6982421875,799.6029052734375,1129.7335205078125,0.9552682638168335
825,329.3838195800781,184.92910766601562,203.44674682617188,810.1045532226562,1139.4884033203125,0.9546808004379272
826,327.9347229003906,193.1466064453125,211.58387756347656,785.6201171875,1113.5548095703125,0.9560505151748657
827,327.6019287109375,193.75726318359375,212.15447998046875,787.2859497070312,1114.887939453125,0.9559573531150818
828,328.897216796875,185.04241943359375,203.49954223632812,788.1856689453125,1117.0828857421875,0.9559069871902466
829,330.13800048828125,167.87014770507812,186.43167114257812,797.973388671875,1128.111328125,0.9553594589233398
830,328.9691162109375,170.62579345703125,189.10452270507812,790.12109375,1119.0902099609375,0.9557987451553345
831,328.95660400390625,182.32208251953125,200.80047607421875,793.060546875,1122.01708984375,0.9556342959403992
832,330.660400390625,181.28353881835938,199.90098571777344,788.8406982421875,1119.5010986328125,0.9558703303337097
833,329.6628112792969,183.143798828125,201.7077178955078,792.3878173828125,1122.0506591796875,0.9556719064712524
834,329.3282165527344,171.24111938476562,189.75250244140625,796.138427734375,1125.4666748046875,0.9554620981216431
835,329.61358642578125,205.23870849609375,223.76080322265625,782.8780517578125,1112.49169921875,0.9562039375305176
836,330.10064697265625,191.61671447753906,210.17576599121094,788.7032470703125,1118.803955078125,0.9558780193328857
837,330.76727294921875,188.33676147460938,206.9371337890625,787.5811767578125,1118.348388671875,0.9559407830238342
838,330.7156677246094,193.48435974121094,212.08334350585938,799.2658081054688,1129.9814453125,0.9552871584892273
839,330.1993408203125,174.83328247070312,193.40655517578125,785.0790405273438,1115.2783203125,0.9560807943344116
840,329.9826965332031,194.67935180664062,213.24539184570312,783.7462158203125,1113.7288818359375,0.9561553597450256
841,329.5109558105469,187.7242889404297,206.24559020996094,802.356201171875,1131.8671875,0.9551142454147339
842,329.39996337890625,181.40390014648438,199.916748046875,788.6773681640625,1118.077392578125,0.9558795094490051
843,328.7495422363281,170.68829345703125,189.14100646972656,801.0084228515625,1129.7579345703125,0.9551896452903748
844,327.50372314453125,176.45089721679688,194.8148193359375,787.5496826171875,1115.053466796875,0.9559425711631775
845,329.6832275390625,178.82369995117188,197.33978271484375,794.881103515625,1124.5643310546875,0.955532431602478
846,330.4716491699219,180.138916015625,198.71246337890625,791.3037719726562,1121.775390625,0.9557325839996338
847,330.7083740234375,182.0142364501953,200.60772705078125,789.2017211914062,1119.91015625,0.9558501243591309
848,329.97454833984375,186.75604248046875,205.30201721191406,786.6796875,1116.654296875,0.955991268157959
849,330.42901611328125,198.79345703125,217.36097717285156,783.5399169921875,1113.968994140625,0.9561668634414673
850,330.90185546875,209.15777587890625,227.76943969726562,785.12890625,1116.03076171875,0.9560779929161072
851,330.94195556640625,177.86761474609375,196.47962951660156,783.7335815429688,1114.675537109375,0.9561560750007629
852,331.14483642578125,195.54281616210938,214.17581176757812,790.3809814453125,1121.52587890625,0.9557842016220093
853,330.2127685546875,174.01412963867188,192.607666015625,784.3453369140625,1114.55810546875,0.9561218023300171
854,328.8906555175781,175.96420288085938,194.46209716796875,787.0982055664062,1115.9888916015625,0.9559678435325623
855,328.69891357421875,175.92877197265625,194.39923095703125,786.256103515625,1114.955078125,0.9560149312019348
856,327.852783203125,190.56103515625,208.9733428955078,786.151123046875,1114.00390625,0.9560208320617676
857,329.03887939453125,183.45526123046875,201.92446899414062,793.4691162109375,1122.508056640625,0.9556114077568054
858,329.7606201171875,171.569580078125,190.10076904296875,809.3104248046875,1139.071044921875,0.9547252058982849
859,330.3640441894531,164.73544311523438,183.30296325683594,797.252197265625,1127.6162109375,0.9553998112678528
860,332.7770690917969,185.69134521484375,204.4262237548828,800.1732177734375,1132.9503173828125,0.9552363753318787
861,331.21923828125,180.9774169921875,199.62423706054688,785.0846557617188,1116.303955078125,0.9560804963111877
862,329.0742492675781,182.0513153076172,200.5400390625,805.0752563476562,1134.1495361328125,0.9549621343612671
863,328.1370544433594,179.31741333007812,197.7222137451172,795.5108642578125,1123.64794921875,0.9554972052574158
864,330.1073303222656,191.27340698242188,209.81529235839844,815.78955078125,1145.8968505859375,0.9543627500534058
865,330.6270446777344,171.84689331054688,190.45135498046875,788.60107421875,1119.2281494140625,0.9558837413787842
866,329.30242919921875,177.05935668945312,195.58074951171875,794.281494140625,1123.583984375,0.9555659890174866
867,328.8199462890625,183.8016357421875,202.27505493164062,784.3704833984375,1113.1904296875,0.9561204314231873
868,331.3504638671875,176.2331085205078,194.88912963867188,803.084228515625,1134.4346923828125,0.9550735354423523
869,331.2532653808594,197.40289306640625,216.0504913330078,796.5264892578125,1127.77978515625,0.9554404020309448
870,330.3851013183594,185.59539794921875,204.1691131591797,787.1832275390625,1117.568359375,0.9559630751609802
871,331.7215576171875,161.00413513183594,179.66534423828125,792.055419921875,1123.7769775390625,0.9556905031204224
872,332.182373046875,184.91139221191406,203.6163787841797,786.0528564453125,1118.2352294921875,0.9560263156890869
873,331.1907958984375,177.4837646484375,196.11488342285156,800.2955322265625,1131.486328125,0.9552295207977295
874,329.53729248046875,174.99884033203125,193.51559448242188,785.8773193359375,1115.41455078125,0.9560361504554749
875,328.6692810058594,190.02337646484375,208.4681396484375,817.0457763671875,1145.715087890625,0.9542924761772156
876,328.2389221191406,180.38519287109375,198.8006134033203,792.107421875,1120.3463134765625,0.9556875824928284
877,328.09765625,178.70753479003906,197.1095428466797,783.3627319335938,1111.46044921875,0.9561768174171448
878,328.1309509277344,192.91104125976562,211.31805419921875,798.5468139648438,1126.677734375,0.9553273916244507
879,328.03253173828125,180.14915466308594,198.54766845703125,784.9224243164062,1112.9549560546875,0.9560895562171936
880,329.3106384277344,195.44854736328125,213.92764282226562,791.6431884765625,1120.953857421875,0.9557135701179504
881,330.4193115234375,155.47885131835938,174.05841064453125,790.9832763671875,1121.402587890625,0.9557504653930664
882,329.18792724609375,172.228271484375,190.71986389160156,795.8131713867188,1125.0010986328125,0.9554802775382996
883,328.5908203125,170.97259521484375,189.40614318847656,790.8311767578125,1119.4219970703125,0.9557589888572693
884,329.8111572265625,180.98822021484375,199.5157012939453,790.5805053710938,1120.3916015625,0.9557729959487915
885,330.05596923828125,171.34315490722656,189.89385986328125,835.246337890625,1165.30224609375,0.9532743096351624
886,329.5684814453125,178.63160705566406,197.1522674560547,784.8922119140625,1114.460693359375,0.9560912251472473
887,328.1483459472656,188.98678588867188,207.40211486816406,800.0665283203125,1128.21484375,0.9552423357963562
888,329.09893798828125,190.47303771972656,208.94085693359375,786.4636840820312,1115.5626220703125,0.9560033082962036
889,328.79364013671875,182.89535522460938,201.34396362304688,801.592041015625,1130.3857421875,0.9551569819450378
890,329.0982360839844,189.60328674316406,208.08387756347656,799.9443359375,1129.0426025390625,0.9552491903305054
891,329.44287109375,188.89328002929688,207.4169921875,807.212646484375,1136.655517578125,0.9548425674438477
892,329.19464111328125,197.79269409179688,216.29478454589844,791.9742431640625,1121.1689453125,0.9556950330734253
893,329.2542419433594,197.18792724609375,215.6764373779297,781.40283203125,1110.6571044921875,0.9562864303588867
894,330.64990234375,179.10397338867188,197.6964874267578,799.4489135742188,1130.098876953125,0.9552769064903259
895,330.8357849121094,195.73422241210938,214.3359832763672,781.3897705078125,1112.2255859375,0.956287145614624
896,330.8437194824219,173.90782165527344,192.51759338378906,800.8759765625,1131.7197265625,0.9551970958709717
897,329.6629638671875,173.00241088867188,191.52435302734375,784.4864501953125,1114.1494140625,0.9561139345169067
898,329.4851379394531,191.446044921875,209.94564819335938,802.0593872070312,1131.5445556640625,0.9551308751106262
899,328.40142822265625,179.83981323242188,198.27603149414062,788.0505981445312,1116.4520263671875,0.9559145569801331
900,327.8631591796875,178.27651977539062,196.66578674316406,798.7159423828125,1126.5791015625,0.9553179144859314
901,328.3900451660156,176.32186889648438,194.74484252929688,793.740966796875,1122.1309814453125,0.9555962085723877
902,329.63995361328125,186.56411743164062,205.07823181152344,810.5424194335938,1140.182373046875,0.9546563029289246
903,329.7501220703125,184.90603637695312,203.43020629882812,786.1473999023438,1115.8974609375,0.9560210108757019
904,330.0140686035156,178.437744140625,196.99276733398438,792.5458984375,1122.5599365234375,0.9556630849838257
905,329.0491943359375,187.19439697265625,205.710205078125,790.0264892578125,1119.07568359375,0.9558039903640747
906,328.8444519042969,173.67320251464844,192.15542602539062,787.0655517578125,1115.9100341796875,0.9559696316719055
907,328.29730224609375,168.78810119628906,187.2386932373047,783.3895874023438,1111.6868896484375,0.9561753273010254
908,327.7308044433594,194.4026641845703,212.79139709472656,786.8717041015625,1114.6025390625,0.9559804797172546
909,329.2004089355469,194.107666015625,212.6038360595703,784.1414184570312,1113.341796875,0.956133246421814
910,329.05242919921875,180.90972900390625,199.40481567382812,797.9744873046875,1127.02685546875,0.9553593993186951
911,329.0405578613281,172.15121459960938,190.6448516845703,791.9349365234375,1120.9754638671875,0.955697238445282
912,328.7183837890625,191.73866271972656,210.2104034423828,793.2626342773438,1121.98095703125,0.9556229710578918
913,329.07403564453125,184.76690673828125,203.2545928955078,785.4404907226562,1114.5145263671875,0.9560605883598328
914,328.92315673828125,181.63800048828125,200.12240600585938,789.5413818359375,1118.464599609375,0.9558311700820923
915,328.3454284667969,189.5523223876953,207.9927978515625,782.7648315429688,1111.1102294921875,0.9562102556228638
916,328.07177734375,192.80657958984375,211.2252960205078,795.4601440429688,1123.531982421875,0.955500066280365
917,328.68267822265625,189.6226806640625,208.07833862304688,784.1015625,1112.7841796875,0.9561354517936707
918,329.1231384277344,178.50845336914062,196.99066162109375,795.0211181640625,1124.144287109375,0.9555246233940125
919,328.6153869628906,164.97679138183594,183.4387969970703,803.304443359375,1131.9197998046875,0.9550611972808838
920,329.243896484375,181.3836669921875,199.86981201171875,789.3971557617188,1118.64111328125,0.955839216709137
921,330.4266357421875,175.228759765625,193.81121826171875,794.33203125,1124.7586669921875,0.9555631279945374
922,329.9757995605469,200.11849975585938,218.6603240966797,779.960205078125,1109.93603515625,0.9563671350479126
923,328.45050048828125,181.9803466796875,200.4310760498047,783.8775634765625,1112.328125,0.9561480283737183
924,327.95635986328125,171.39016723632812,189.8697052001953,789.3648681640625,1117.3212890625,0.9558410048484802
925,328.7339172363281,162.06858825683594,180.5743408203125,820.2742919921875,1149.0081787109375,0.9541118741035461
926,327.76971435546875,184.7162628173828,203.1295928955078,789.3265380859375,1117.09619140625,0.9558431506156921
927,327.006103515625,208.3234100341797,226.67007446289062,790.8789672851562,1117.885009765625,0.9557563066482544
928,328.22503662109375,195.34454345703125,213.78948974609375,785.4752807617188,1113.7003173828125,0.9560586214065552
929,329.4591369628906,202.85418701171875,221.39102172851562,792.5025024414062,1121.961669921875,0.9556654691696167
930,330.2418212890625,175.03054809570312,193.59609985351562,823.9429931640625,1154.184814453125,0.9539066553115845
931,331.626708984375,177.81637573242188,196.49871826171875,785.4511108398438,1117.077880859375,0.956059992313385
932,331.2946472167969,200.5814971923828,219.23696899414062,792.616943359375,1123.91162109375,0.9556590914726257
933,328.94146728515625,192.59710693359375,211.09732055664062,785.350830078125,1114.292236328125,0.9560655951499939
934,328.30340576171875,195.3339080810547,213.77540588378906,788.6846313476562,1116.988037109375,0.9558790922164917
935,328.77996826171875,166.42977905273438,184.9142303466797,797.3194580078125,1126.099365234375,0.9553960561752319
936,328.39105224609375,177.2657928466797,195.73768615722656,788.2930908203125,1116.68408203125,0.9559009671211243
937,329.0859680175781,179.46832275390625,197.96160888671875,790.9139404296875,1119.9998779296875,0.9557543396949768
938,330.9591064453125,189.52847290039062,208.1577606201172,786.1741943359375,1117.13330078125,0.9560195207595825
939,330.1796875,171.87127685546875,190.44801330566406,824.6632080078125,1154.8428955078125,0.9538663625717163
940,330.0038757324219,174.178466796875,192.733154296875,814.35107421875,1144.35498046875,0.9544432163238525
941,329.4906005859375,188.28085327148438,206.7933807373047,791.1481323242188,1120.638671875,0.955741286277771
942,329.6241455078125,191.24246215820312,209.76962280273438,792.666259765625,1122.2904052734375,0.9556563496589661
943,329.9645690917969,179.49867248535156,198.04823303222656,785.5363159179688,1115.5008544921875,0.956055223941803
944,330.69732666015625,184.7799072265625,203.41419982910156,791.2938842773438,1121.9912109375,0.9557331204414368
945,330.1495361328125,191.74258422851562,210.32553100585938,810.7467041015625,1140.896240234375,0.9546448588371277
946,330.4136962890625,181.04214477539062,199.6257781982422,786.178955078125,1116.5926513671875,0.9560192823410034
947,329.8031921386719,176.56861877441406,195.12930297851562,783.7862548828125,1113.5894775390625,0.9561530947685242
948,329.7742614746094,169.77862548828125,188.35006713867188,786.5748291015625,1116.34912109375,0.955997109413147
949,330.68023681640625,176.0390625,194.65872192382812,787.057861328125,1117.738037109375,0.9559701085090637
950,330.645751953125,179.51806640625,198.13014221191406,793.2454833984375,1123.8912353515625,0.9556239247322083
951,329.6513977050781,181.12818908691406,199.67381286621094,788.2293701171875,1117.8807373046875,0.9559045433998108
952,329.4151611328125,171.08987426757812,189.59988403320312,832.1553344726562,1161.570556640625,0.9534472227096558
953,330.3463134765625,174.5518798828125,193.1227569580078,796.8653564453125,1127.211669921875,0.9554214477539062
954,330.19268798828125,175.18804931640625,193.75521850585938,876.7330322265625,1206.92578125,0.9509534239768982
955,329.3404846191406,194.48464965820312,212.99517822265625,814.0903930664062,1143.430908203125,0.9544578194618225
956,330.23077392578125,186.28964233398438,204.85409545898438,793.1326904296875,1123.363525390625,0.9556302428245544
957,331.672119140625,171.62872314453125,190.2872314453125,790.0748291015625,1121.7469482421875,0.9558013081550598
958,332.38885498046875,198.38015747070312,217.1067352294922,793.3634033203125,1125.752197265625,0.9556173086166382
959,332.1524963378906,188.1795196533203,206.89263916015625,801.75732421875,1133.9097900390625,0.9551477432250977
960,331.47979736328125,173.58766174316406,192.24136352539062,804.96142578125,1136.441162109375,0.9549685120582581
961,329.8445129394531,178.46749877929688,197.0157012939453,806.1002807617188,1135.94482421875,0.9549047946929932
962,329.985595703125,180.02423095703125,198.58087158203125,795.29296875,1125.278564453125,0.9555094242095947
963,330.78009033203125,197.76719665527344,216.37075805664062,786.503662109375,1117.28369140625,0.9560011029243469
964,331.3004150390625,196.6510009765625,215.29397583007812,793.9627685546875,1125.26318359375,0.9555838108062744
965,331.46905517578125,202.6513671875,221.33114624023438,792.7611694335938,1124.230224609375,0.955651044845581
966,331.53240966796875,171.71975708007812,190.39602661132812,783.1656494140625,1114.697998046875,0.9561878442764282
967,330.79925537109375,181.14852905273438,199.7610626220703,783.826904296875,1114.626220703125,0.9561508297920227
968,329.7917175292969,210.95582580566406,229.49647521972656,792.381591796875,1122.17333984375,0.9556722640991211
969,327.8518371582031,185.53533935546875,203.93516540527344,815.6146850585938,1143.466552734375,0.9543725252151489
970,328.4820861816406,191.53204345703125,209.9811248779297,799.5037841796875,1127.98583984375,0.9552738070487976
971,330.4254150390625,170.44796752929688,189.06442260742188,801.0933227539062,1131.518798828125,0.9551849365234375
972,329.8319091796875,202.73370361328125,221.2936248779297,798.2907104492188,1128.12255859375,0.9553416967391968
973,329.41357421875,191.31414794921875,209.83761596679688,789.7281494140625,1119.1417236328125,0.9558206796646118
974,328.9916076660156,181.44131469726562,199.918701171875,792.6741333007812,1121.665771484375,0.9556558728218079
975,330.61981201171875,184.32504272460938,202.91590881347656,801.34521484375,1131.965087890625,0.9551708102226257
976,331.4302673339844,172.96871948242188,191.61907958984375,785.7929077148438,1117.22314453125,0.9560408592224121
977,330.3595886230469,166.53573608398438,185.11276245117188,783.8975830078125,1114.2572021484375,0.9561468958854675
978,330.2743225097656,191.00083923339844,209.55360412597656,793.1013793945312,1123.375732421875,0.9556319713592529
979,331.3689270019531,180.48263549804688,199.12692260742188,787.26953125,1118.638427734375,0.9559582471847534
980,331.6532897949219,188.0450439453125,206.71385192871094,781.255615234375,1112.908935546875,0.9562946557998657
981,330.69537353515625,161.68402099609375,180.2954864501953,785.0439453125,1115.7392578125,0.9560827612876892
982,329.15704345703125,183.3106689453125,201.79136657714844,783.8720092773438,1113.029052734375,0.9561483263969421
983,329.2879333496094,184.39398193359375,202.88345336914062,784.635009765625,1113.9229736328125,0.956105649471283
984,330.4501953125,175.2471160888672,193.81707763671875,787.0714111328125,1117.5216064453125,0.9559693336486816
985,330.9142150878906,194.87973022460938,213.52687072753906,785.7562255859375,1116.67041015625,0.9560428857803345
986,330.4298095703125,170.50274658203125,189.1092987060547,782.3448486328125,1112.774658203125,0.9562337398529053
987,329.58056640625,182.5520782470703,201.0897674560547,792.8197631835938,1122.400390625,0.9556477665901184
988,331.08575439453125,194.56146240234375,213.2017822265625,794.739013671875,1125.82470703125,0.9555403590202332
989,331.5077209472656,184.37216186523438,203.03395080566406,804.859619140625,1136.3673095703125,0.9549742341041565
990,331.36834716796875,210.8817901611328,229.5357666015625,784.1314697265625,1115.499755859375,0.9561337828636169
991,330.10174560546875,183.12184143066406,201.6988067626953,786.0843505859375,1116.18603515625,0.9560245275497437
992,329.740234375,192.3079833984375,210.84854125976562,785.8015747070312,1115.541748046875,0.9560403823852539
993,329.76007080078125,178.18905639648438,196.72036743164062,793.4852294921875,1123.245361328125,0.9556105136871338
994,330.21514892578125,184.2252960205078,202.66453552246094,787.57470703125,1117.789794921875,0.9559412002563477
995,326.4356994628906,194.19940185546875,212.49627685546875,792.9510498046875,1119.38671875,0.955640435218811
996,327.1607666015625,204.07647705078125,222.41407775878906,784.2313232421875,1111.39208984375,0.9561282396316528
997,327.9631042480469,169.2537841796875,187.65176391601562,784.3114013671875,1112.2745361328125,0.9561237096786499
998,327.5955505371094,181.88241577148438,200.25753784179688,793.103271484375,1120.6988525390625,0.9556319117546082
999,327.7332763671875,169.65106201171875,188.0345458984375,793.0518798828125,1120.78515625,0.9556347727775574
1000,326.99688720703125,177.99984741210938,196.33163452148438,786.767822265625,1113.7646484375,0.9559863209724426
